/*
SQLyog Ultimate - MySQL GUI v8.2 
MySQL - 8.0.30 : Database - share-order
*********************************************************************
*/

/*!40101 SET NAMES utf8 */;

/*!40101 SET SQL_MODE=''*/;

/*!40014 SET @OLD_UNIQUE_CHECKS=@@UNIQUE_CHECKS, UNIQUE_CHECKS=0 */;
/*!40014 SET @OLD_FOREIGN_KEY_CHECKS=@@FOREIGN_KEY_CHECKS, FOREIGN_KEY_CHECKS=0 */;
/*!40101 SET @OLD_SQL_MODE=@@SQL_MODE, SQL_MODE='NO_AUTO_VALUE_ON_ZERO' */;
/*!40111 SET @OLD_SQL_NOTES=@@SQL_NOTES, SQL_NOTES=0 */;
CREATE DATABASE /*!32312 IF NOT EXISTS*/`share-order` /*!40100 DEFAULT CHARACTER SET utf8mb3 */ /*!80016 DEFAULT ENCRYPTION='N' */;

USE `share-order`;

/*Table structure for table `gen_table` */

DROP TABLE IF EXISTS `gen_table`;

CREATE TABLE `gen_table` (
  `table_id` bigint NOT NULL AUTO_INCREMENT COMMENT '编号',
  `table_name` varchar(200) DEFAULT '' COMMENT '表名称',
  `table_comment` varchar(500) DEFAULT '' COMMENT '表描述',
  `sub_table_name` varchar(64) DEFAULT NULL COMMENT '关联子表的表名',
  `sub_table_fk_name` varchar(64) DEFAULT NULL COMMENT '子表关联的外键名',
  `class_name` varchar(100) DEFAULT '' COMMENT '实体类名称',
  `tpl_category` varchar(200) DEFAULT 'crud' COMMENT '使用的模板（crud单表操作 tree树表操作）',
  `tpl_web_type` varchar(30) DEFAULT '' COMMENT '前端模板类型（element-ui模版 element-plus模版）',
  `package_name` varchar(100) DEFAULT NULL COMMENT '生成包路径',
  `module_name` varchar(30) DEFAULT NULL COMMENT '生成模块名',
  `business_name` varchar(30) DEFAULT NULL COMMENT '生成业务名',
  `function_name` varchar(50) DEFAULT NULL COMMENT '生成功能名',
  `function_author` varchar(50) DEFAULT NULL COMMENT '生成功能作者',
  `gen_type` char(1) DEFAULT '0' COMMENT '生成代码方式（0zip压缩包 1自定义路径）',
  `gen_path` varchar(200) DEFAULT '/' COMMENT '生成路径（不填默认项目路径）',
  `options` varchar(1000) DEFAULT NULL COMMENT '其它生成选项',
  `create_by` varchar(64) DEFAULT '' COMMENT '创建者',
  `create_time` datetime DEFAULT NULL COMMENT '创建时间',
  `update_by` varchar(64) DEFAULT '' COMMENT '更新者',
  `update_time` datetime DEFAULT NULL COMMENT '更新时间',
  `remark` varchar(500) DEFAULT NULL COMMENT '备注',
  PRIMARY KEY (`table_id`)
) ENGINE=InnoDB AUTO_INCREMENT=8 DEFAULT CHARSET=utf8mb4 COLLATE=utf8mb4_0900_ai_ci COMMENT='代码生成业务表';

/*Data for the table `gen_table` */

insert  into `gen_table`(`table_id`,`table_name`,`table_comment`,`sub_table_name`,`sub_table_fk_name`,`class_name`,`tpl_category`,`tpl_web_type`,`package_name`,`module_name`,`business_name`,`function_name`,`function_author`,`gen_type`,`gen_path`,`options`,`create_by`,`create_time`,`update_by`,`update_time`,`remark`) values (7,'order_info','订单表',NULL,NULL,'OrderInfo','crud','','com.share.user','user','orderInfo','订单','atguigu','0','/',NULL,'admin','2024-10-29 09:57:52','',NULL,NULL);

/*Table structure for table `gen_table_column` */

DROP TABLE IF EXISTS `gen_table_column`;

CREATE TABLE `gen_table_column` (
  `column_id` bigint NOT NULL AUTO_INCREMENT COMMENT '编号',
  `table_id` bigint DEFAULT NULL COMMENT '归属表编号',
  `column_name` varchar(200) DEFAULT NULL COMMENT '列名称',
  `column_comment` varchar(500) DEFAULT NULL COMMENT '列描述',
  `column_type` varchar(100) DEFAULT NULL COMMENT '列类型',
  `java_type` varchar(500) DEFAULT NULL COMMENT 'JAVA类型',
  `java_field` varchar(200) DEFAULT NULL COMMENT 'JAVA字段名',
  `is_pk` char(1) DEFAULT NULL COMMENT '是否主键（1是）',
  `is_increment` char(1) DEFAULT NULL COMMENT '是否自增（1是）',
  `is_required` char(1) DEFAULT NULL COMMENT '是否必填（1是）',
  `is_insert` char(1) DEFAULT NULL COMMENT '是否为插入字段（1是）',
  `is_edit` char(1) DEFAULT NULL COMMENT '是否编辑字段（1是）',
  `is_list` char(1) DEFAULT NULL COMMENT '是否列表字段（1是）',
  `is_query` char(1) DEFAULT NULL COMMENT '是否查询字段（1是）',
  `query_type` varchar(200) DEFAULT 'EQ' COMMENT '查询方式（等于、不等于、大于、小于、范围）',
  `html_type` varchar(200) DEFAULT NULL COMMENT '显示类型（文本框、文本域、下拉框、复选框、单选框、日期控件）',
  `dict_type` varchar(200) DEFAULT '' COMMENT '字典类型',
  `sort` int DEFAULT NULL COMMENT '排序',
  `create_by` varchar(64) DEFAULT '' COMMENT '创建者',
  `create_time` datetime DEFAULT NULL COMMENT '创建时间',
  `update_by` varchar(64) DEFAULT '' COMMENT '更新者',
  `update_time` datetime DEFAULT NULL COMMENT '更新时间',
  PRIMARY KEY (`column_id`)
) ENGINE=InnoDB AUTO_INCREMENT=114 DEFAULT CHARSET=utf8mb4 COLLATE=utf8mb4_0900_ai_ci COMMENT='代码生成业务表字段';

/*Data for the table `gen_table_column` */

insert  into `gen_table_column`(`column_id`,`table_id`,`column_name`,`column_comment`,`column_type`,`java_type`,`java_field`,`is_pk`,`is_increment`,`is_required`,`is_insert`,`is_edit`,`is_list`,`is_query`,`query_type`,`html_type`,`dict_type`,`sort`,`create_by`,`create_time`,`update_by`,`update_time`) values (88,7,'id','主键','bigint','Long','id','1','1',NULL,'1',NULL,NULL,NULL,'EQ','input','',1,'admin','2024-10-29 09:57:52','',NULL),(89,7,'user_id','用户ID','bigint','Long','userId','0','0','1','1','1','1','1','EQ','input','',2,'admin','2024-10-29 09:57:52','',NULL),(90,7,'order_no','订单号','varchar(50)','String','orderNo','0','0','1','1','1','1','1','EQ','input','',3,'admin','2024-10-29 09:57:52','',NULL),(91,7,'power_bank_no','充电宝编号','varchar(50)','String','powerBankNo','0','0',NULL,'1','1','1','1','EQ','input','',4,'admin','2024-10-29 09:57:52','',NULL),(92,7,'start_time','借用开始时间','datetime','Date','startTime','0','0',NULL,'1','1','1','1','EQ','datetime','',5,'admin','2024-10-29 09:57:52','',NULL),(93,7,'start_station_id','借用站点id','bigint','Long','startStationId','0','0',NULL,'1','1','1','1','EQ','input','',6,'admin','2024-10-29 09:57:52','',NULL),(94,7,'start_station_name','借用地点名称','varchar(100)','String','startStationName','0','0',NULL,'1','1','1','1','LIKE','input','',7,'admin','2024-10-29 09:57:52','',NULL),(95,7,'start_cabinet_no','借用柜机编号','varchar(50)','String','startCabinetNo','0','0',NULL,'1','1','1','1','EQ','input','',8,'admin','2024-10-29 09:57:52','',NULL),(96,7,'end_time','归还时间','datetime','Date','endTime','0','0',NULL,'1','1','1','1','EQ','datetime','',9,'admin','2024-10-29 09:57:52','',NULL),(97,7,'end_station_id','归还站点id','bigint','Long','endStationId','0','0',NULL,'1','1','1','1','EQ','input','',10,'admin','2024-10-29 09:57:52','',NULL),(98,7,'end_station_name','归还地点名称','varchar(100)','String','endStationName','0','0',NULL,'1','1','1','1','LIKE','input','',11,'admin','2024-10-29 09:57:52','',NULL),(99,7,'end_cabinet_no','归还柜机编号','varchar(50)','String','endCabinetNo','0','0',NULL,'1','1','1','1','EQ','input','',12,'admin','2024-10-29 09:57:52','',NULL),(100,7,'duration','借用时长','decimal(10,2)','BigDecimal','duration','0','0',NULL,'1','1','1','1','EQ','input','',13,'admin','2024-10-29 09:57:52','',NULL),(101,7,'fee_rule_id','费用规则id','bigint','Long','feeRuleId','0','0',NULL,'1','1','1','1','EQ','input','',14,'admin','2024-10-29 09:57:52','',NULL),(102,7,'total_amount','总金额','decimal(10,2)','BigDecimal','totalAmount','0','0',NULL,'1','1','1','1','EQ','input','',15,'admin','2024-10-29 09:57:52','',NULL),(103,7,'deduct_amount','抵扣金额','decimal(10,2)','BigDecimal','deductAmount','0','0',NULL,'1','1','1','1','EQ','input','',16,'admin','2024-10-29 09:57:52','',NULL),(104,7,'real_amount','实际订单金额','decimal(10,2)','BigDecimal','realAmount','0','0',NULL,'1','1','1','1','EQ','input','',17,'admin','2024-10-29 09:57:52','',NULL),(105,7,'pay_time','微信付款时间','datetime','Date','payTime','0','0',NULL,'1','1','1','1','EQ','datetime','',18,'admin','2024-10-29 09:57:52','',NULL),(106,7,'transaction_id','微信支付订单号','varchar(50)','String','transactionId','0','0',NULL,'1','1','1','1','EQ','input','',19,'admin','2024-10-29 09:57:52','',NULL),(107,7,'status','订单状态：','char(1)','String','status','0','0','1','1','1','1','1','EQ','radio','',20,'admin','2024-10-29 09:57:52','',NULL),(108,7,'create_time','创建时间','timestamp','Date','createTime','0','0','1','1',NULL,NULL,NULL,'EQ','datetime','',21,'admin','2024-10-29 09:57:52','',NULL),(109,7,'create_by','创建者','varchar(64)','String','createBy','0','0',NULL,'1',NULL,NULL,NULL,'EQ','input','',22,'admin','2024-10-29 09:57:52','',NULL),(110,7,'update_time','更新时间','timestamp','Date','updateTime','0','0','1','1','1',NULL,NULL,'EQ','datetime','',23,'admin','2024-10-29 09:57:52','',NULL),(111,7,'update_by','更新者','varchar(64)','String','updateBy','0','0',NULL,'1','1',NULL,NULL,'EQ','input','',24,'admin','2024-10-29 09:57:52','',NULL),(112,7,'del_flag','删除标志（0代表存在 2代表删除）','char(1)','String','delFlag','0','0','1','1',NULL,NULL,NULL,'EQ','input','',25,'admin','2024-10-29 09:57:52','',NULL),(113,7,'remark','备注','varchar(255)','String','remark','0','0',NULL,'1','1','1',NULL,'EQ','input','',26,'admin','2024-10-29 09:57:52','',NULL);

/*Table structure for table `order_bill` */

DROP TABLE IF EXISTS `order_bill`;

CREATE TABLE `order_bill` (
  `id` bigint NOT NULL AUTO_INCREMENT COMMENT '主键',
  `order_id` bigint NOT NULL COMMENT '订单ID',
  `bill_item` varchar(200) DEFAULT '0.00' COMMENT '账单项明细',
  `bill_amount` decimal(10,2) DEFAULT '0.00' COMMENT '账单金额',
  `create_time` timestamp NOT NULL DEFAULT CURRENT_TIMESTAMP COMMENT '创建时间',
  `create_by` varchar(64) DEFAULT NULL COMMENT '创建者',
  `update_time` timestamp NOT NULL DEFAULT CURRENT_TIMESTAMP ON UPDATE CURRENT_TIMESTAMP COMMENT '更新时间',
  `update_by` varchar(64) DEFAULT NULL COMMENT '更新者',
  `del_flag` char(1) NOT NULL DEFAULT '0' COMMENT '删除标志（0代表存在 2代表删除）',
  `remark` varchar(255) DEFAULT NULL COMMENT '备注',
  PRIMARY KEY (`id`)
) ENGINE=InnoDB AUTO_INCREMENT=38 DEFAULT CHARSET=utf8mb4 COLLATE=utf8mb4_0900_ai_ci COMMENT='订单账单表';

/*Data for the table `order_bill` */

insert  into `order_bill`(`id`,`order_id`,`bill_item`,`bill_amount`,`create_time`,`create_by`,`update_time`,`update_by`,`del_flag`,`remark`) values (11,10,'前5分钟免费','0.00','2024-11-05 09:51:11',NULL,'2024-11-05 09:51:11',NULL,'0',NULL),(12,11,'去除免费时长5分钟，计费时长：2分钟','0.00','2024-11-05 10:01:09',NULL,'2024-11-05 10:01:09',NULL,'0',NULL),(13,11,'0.00','3.00','2024-11-05 10:01:09',NULL,'2024-11-05 10:01:09',NULL,'0',NULL),(14,12,'前5分钟免费','0.00','2024-11-05 10:18:05',NULL,'2024-11-05 10:18:05',NULL,'0',NULL),(15,14,'去除免费时长5分钟，计费时长：5分钟','0.00','2024-11-07 10:12:06',NULL,'2024-11-07 10:12:06',NULL,'0',NULL),(16,14,'0.00','3.00','2024-11-07 10:12:06',NULL,'2024-11-07 10:12:06',NULL,'0',NULL),(17,15,'前5分钟免费','0.00','2024-11-07 11:29:32',NULL,'2024-11-07 11:29:32',NULL,'0',NULL),(18,17,'前5分钟免费','0.00','2025-01-02 09:39:07',NULL,'2025-01-02 09:39:07',NULL,'0',NULL),(19,18,'前5分钟免费','0.00','2025-01-02 10:19:14',NULL,'2025-01-02 10:19:14',NULL,'0',NULL),(20,18,'去除免费时长5分钟，计费时长：2分钟','3.00','2025-01-02 10:19:14',NULL,'2025-01-02 10:19:14',NULL,'0',NULL),(21,19,'前5分钟免费','0.00','2025-01-02 15:01:08',NULL,'2025-01-02 15:01:08',NULL,'0',NULL),(22,19,'去除免费时长5分钟，计费时长：47分钟','3.00','2025-01-02 15:01:08',NULL,'2025-01-02 15:01:08',NULL,'0',NULL),(23,20,'前5分钟免费','0.00','2025-01-03 09:20:58',NULL,'2025-01-03 09:20:58',NULL,'0',NULL),(24,21,'前5分钟免费','0.00','2025-01-03 09:43:50',NULL,'2025-01-03 09:43:50',NULL,'0',NULL),(25,22,'前5分钟免费','0.00','2025-01-03 10:23:40',NULL,'2025-01-03 10:23:40',NULL,'0',NULL),(26,23,'前5分钟免费','0.00','2025-01-03 14:10:27',NULL,'2025-01-03 14:10:27',NULL,'0',NULL),(27,23,'去除免费时长5分钟，计费时长：2分钟','3.00','2025-01-03 14:10:27',NULL,'2025-01-03 14:10:27',NULL,'0',NULL),(28,24,'前5分钟免费','0.00','2025-01-03 15:48:52',NULL,'2025-01-03 15:48:52',NULL,'0',NULL),(29,25,'前5分钟免费','0.00','2025-01-06 14:04:13',NULL,'2025-01-06 14:04:13',NULL,'0',NULL),(30,26,'前5分钟免费','0.00','2025-01-06 14:21:34',NULL,'2025-01-06 14:21:34',NULL,'0',NULL),(31,34,'前5分钟免费','0.00','2025-02-28 14:23:45',NULL,'2025-02-28 14:23:45',NULL,'0',NULL),(32,35,'前5分钟免费','0.00','2025-02-28 20:38:37',NULL,'2025-02-28 20:38:37',NULL,'0',NULL),(33,35,'去除免费时长5分钟，计费时长：1分钟','3.00','2025-02-28 20:38:37',NULL,'2025-02-28 20:38:37',NULL,'0',NULL),(34,36,'前5分钟免费','0.00','2025-02-28 21:43:55',NULL,'2025-02-28 21:43:55',NULL,'0',NULL),(35,36,'去除免费时长5分钟，计费时长：2分钟','3.00','2025-02-28 21:43:55',NULL,'2025-02-28 21:43:55',NULL,'0',NULL),(36,37,'前5分钟免费','0.00','2025-03-01 00:02:53',NULL,'2025-03-01 00:02:53',NULL,'0',NULL),(37,37,'去除免费时长5分钟，计费时长：2分钟','3.00','2025-03-01 00:02:53',NULL,'2025-03-01 00:02:53',NULL,'0',NULL);

/*Table structure for table `order_info` */

DROP TABLE IF EXISTS `order_info`;

CREATE TABLE `order_info` (
  `id` bigint NOT NULL AUTO_INCREMENT COMMENT '主键',
  `user_id` bigint NOT NULL DEFAULT '0' COMMENT '用户ID',
  `nickname` varchar(50) DEFAULT NULL COMMENT '用户昵称',
  `order_no` varchar(50) NOT NULL DEFAULT '' COMMENT '订单号',
  `power_bank_no` varchar(50) DEFAULT NULL COMMENT '充电宝编号',
  `start_time` datetime DEFAULT NULL COMMENT '借用开始时间',
  `start_station_id` bigint DEFAULT NULL COMMENT '借用站点id',
  `start_station_name` varchar(100) DEFAULT NULL COMMENT '借用地点名称',
  `start_cabinet_no` varchar(50) DEFAULT NULL COMMENT '借用柜机编号',
  `end_time` datetime DEFAULT NULL COMMENT '归还时间',
  `end_station_id` bigint DEFAULT NULL COMMENT '归还站点id',
  `end_station_name` varchar(100) DEFAULT NULL COMMENT '归还地点名称',
  `end_cabinet_no` varchar(50) DEFAULT NULL COMMENT '归还柜机编号',
  `duration` int DEFAULT NULL COMMENT '借用时长',
  `fee_rule` varchar(200) DEFAULT NULL COMMENT '费用规则',
  `fee_rule_id` bigint DEFAULT NULL COMMENT '费用规则id',
  `total_amount` decimal(10,2) DEFAULT '0.00' COMMENT '总金额',
  `deduct_amount` decimal(10,2) DEFAULT '0.00' COMMENT '抵扣金额',
  `real_amount` decimal(10,2) DEFAULT NULL COMMENT '实际订单金额',
  `pay_time` datetime DEFAULT NULL COMMENT '微信付款时间',
  `transaction_id` varchar(50) DEFAULT NULL COMMENT '微信支付订单号',
  `status` char(1) NOT NULL DEFAULT '1' COMMENT '订单状态：0:充电中 1：未支付 2：已支付',
  `create_time` timestamp NOT NULL DEFAULT CURRENT_TIMESTAMP COMMENT '创建时间',
  `create_by` varchar(64) DEFAULT NULL COMMENT '创建者',
  `update_time` timestamp NOT NULL DEFAULT CURRENT_TIMESTAMP ON UPDATE CURRENT_TIMESTAMP COMMENT '更新时间',
  `update_by` varchar(64) DEFAULT NULL COMMENT '更新者',
  `del_flag` char(1) NOT NULL DEFAULT '0' COMMENT '删除标志（0代表存在 2代表删除）',
  `remark` varchar(255) DEFAULT NULL COMMENT '备注',
  PRIMARY KEY (`id`)
) ENGINE=InnoDB AUTO_INCREMENT=38 DEFAULT CHARSET=utf8mb4 COLLATE=utf8mb4_0900_ai_ci COMMENT='订单表';

/*Data for the table `order_info` */

insert  into `order_info`(`id`,`user_id`,`nickname`,`order_no`,`power_bank_no`,`start_time`,`start_station_id`,`start_station_name`,`start_cabinet_no`,`end_time`,`end_station_id`,`end_station_name`,`end_cabinet_no`,`duration`,`fee_rule`,`fee_rule_id`,`total_amount`,`deduct_amount`,`real_amount`,`pay_time`,`transaction_id`,`status`,`create_time`,`create_by`,`update_time`,`update_by`,`del_flag`,`remark`) values (10,1,NULL,'gxxxgxgx','cdb001','2024-11-05 09:49:08',1,'昭觉寺南鸡公煲','gj001','2024-11-05 09:51:11',1,'昭觉寺南鸡公煲','gj001',2,'费用规则1.0',1,'0.00','0.00','0.00',NULL,NULL,'2','2024-11-05 09:49:08','','2024-11-05 15:02:23',NULL,'0',NULL),(11,1,NULL,'ggxgxxxg','cdb001','2024-11-05 09:54:03',1,'昭觉寺南鸡公煲','gj001','2024-11-05 10:01:09',1,'昭觉寺南鸡公煲','gj001',7,'费用规则1.0',1,'3.00','0.00','3.00',NULL,NULL,'2','2024-11-05 09:54:03','','2024-11-05 15:02:25',NULL,'0',NULL),(12,1,NULL,'xggxgggg','cdb001','2024-11-05 10:17:25',1,'昭觉寺南鸡公煲','gj001','2024-11-05 10:18:05',1,'昭觉寺南鸡公煲','gj001',0,'费用规则1.0',1,'0.00','0.00','0.00',NULL,NULL,'2','2024-11-05 10:17:25','','2024-11-05 15:02:24',NULL,'0',NULL),(14,1,NULL,'xxgxxgxg','cdb001','2024-12-07 10:01:48',1,'昭觉寺南鸡公煲','gj001','2024-11-07 10:12:06',1,'昭觉寺南鸡公煲','gj001',10,'费用规则1.0',1,'3.00','0.00','3.00',NULL,NULL,'2','2024-11-07 10:01:48','','2025-03-07 22:33:01',NULL,'0',NULL),(15,1,NULL,'gxxggxgx','cdb001','2024-11-07 11:02:30',1,'昭觉寺南鸡公煲','gj001','2024-11-07 11:05:31',1,'昭觉寺南鸡公煲','gj001',3,'费用规则1.0',1,'0.00','0.00','0.00',NULL,NULL,'2','2024-12-07 11:02:30','','2025-03-07 22:33:15',NULL,'0',NULL),(16,2,NULL,'gxxxxggx','cdb001','2024-10-11 18:49:23',1,'昭觉寺南鸡公煲','gj001',NULL,NULL,NULL,NULL,NULL,'前2分钟免费，每1小时3元，24小时35，超24小时99元',1,'0.00','0.00','10.00',NULL,NULL,'2','2024-10-11 18:49:23','','2025-03-07 22:33:18',NULL,'0',NULL),(17,3,NULL,'chd4y1o7','cdb001','2025-01-02 09:37:59',1,'昭觉寺南鸡公煲','gj001','2025-01-02 09:39:07',1,'昭觉寺南鸡公煲','gj001',1,'前2分钟免费，每1小时3元，24小时35，超24小时99元',1,'0.00','0.00','0.00',NULL,NULL,'2','2025-01-02 09:38:00','','2025-01-02 09:38:00',NULL,'0',NULL),(18,3,NULL,'7npvbpd5','cdb001','2025-01-02 10:11:26',1,'昭觉寺南鸡公煲','gj001','2025-01-02 10:19:14',1,'昭觉寺南鸡公煲','gj001',7,'前2分钟免费，每1小时3元，24小时35，超24小时99元',1,'3.00','0.00','3.00',NULL,NULL,'2','2025-01-02 10:11:26','','2025-01-02 10:22:54',NULL,'0',NULL),(19,3,NULL,'oqd1mp9i','cdb001','2025-01-02 14:08:18',1,'昭觉寺南鸡公煲','gj001','2025-01-02 15:01:08',1,'昭觉寺南鸡公煲','gj001',52,'前2分钟免费，每1小时3元，24小时35，超24小时99元',1,'3.00','0.00','3.00',NULL,NULL,'2','2025-01-02 14:08:19','','2025-01-02 15:07:47',NULL,'0',NULL),(20,3,NULL,'pi2qqzzw','cdb001','2025-01-03 09:18:09',1,'昭觉寺南鸡公煲','gj001','2025-01-03 09:20:58',1,'昭觉寺南鸡公煲','gj001',2,'前2分钟免费，每1小时3元，24小时35，超24小时99元',1,'0.00','0.00','0.00',NULL,NULL,'2','2025-01-03 09:18:10','','2025-01-03 09:18:09',NULL,'0',NULL),(21,3,NULL,'fcpj2fib','cdb001','2025-01-03 09:42:10',1,'昭觉寺南鸡公煲','gj001','2025-01-03 09:43:50',1,'昭觉寺南鸡公煲','gj001',1,'前2分钟免费，每1小时3元，24小时35，超24小时99元',1,'0.00','0.00','0.00',NULL,NULL,'2','2025-01-03 09:42:10','','2025-01-03 09:42:09',NULL,'0',NULL),(22,3,NULL,'21b8kras','cdb001','2025-01-03 10:21:30',1,'昭觉寺南鸡公煲','gj001','2025-01-03 10:23:41',1,'昭觉寺南鸡公煲','gj001',2,'前2分钟免费，每1小时3元，24小时35，超24小时99元',1,'0.00','0.00','0.00',NULL,NULL,'2','2025-01-03 10:21:30','','2025-01-03 10:21:29',NULL,'0',NULL),(23,3,NULL,'0xx3olhp','cdb001','2025-01-03 14:03:00',1,'昭觉寺南鸡公煲','gj001','2025-01-03 14:10:27',1,'昭觉寺南鸡公煲','gj001',7,'前2分钟免费，每1小时3元，24小时35，超24小时99元',1,'3.00','0.00','3.00',NULL,NULL,'2','2025-01-03 14:03:01','','2025-01-03 14:11:13',NULL,'0',NULL),(24,3,NULL,'z1ol8zn1','cdb001','2025-01-03 15:46:41',1,'昭觉寺南鸡公煲','gj001','2025-01-03 15:48:52',1,'昭觉寺南鸡公煲','gj001',2,'前2分钟免费，每1小时3元，24小时35，超24小时99元',1,'0.00','0.00','0.00',NULL,NULL,'2','2025-01-03 15:46:41','','2025-01-03 15:46:41',NULL,'0',NULL),(25,3,NULL,'0sm9fmkk','cdb001','2025-01-06 14:02:15',1,'昭觉寺南鸡公煲','gj001','2025-01-06 14:04:13',1,'昭觉寺南鸡公煲','gj001',1,'前2分钟免费，每1小时3元，24小时35，超24小时99元',1,'0.00','0.00','0.00',NULL,NULL,'2','2025-01-06 14:02:16','','2025-01-06 14:02:16',NULL,'0',NULL),(26,3,NULL,'dqxtn30u','cdb001','2025-01-06 14:20:21',1,'昭觉寺南鸡公煲','gj001','2025-01-06 14:21:34',1,'昭觉寺南鸡公煲','gj001',1,'前2分钟免费，每1小时3元，24小时35，超24小时99元',1,'0.00','0.00','0.00',NULL,NULL,'2','2025-01-06 14:20:21','','2025-01-06 14:20:20',NULL,'0',NULL),(37,3,NULL,'8urfmowh','cdb001','2025-02-28 23:55:07',1,'昭觉寺南鸡公煲','gj001','2025-03-01 00:02:54',1,'昭觉寺南鸡公煲','gj001',7,'前2分钟免费，每1小时3元，24小时35，超24小时99元',1,'3.00','0.00','3.00','2025-03-01 00:03:39',NULL,'2','2025-02-28 23:55:08','','2025-02-28 23:55:07',NULL,'0',NULL);

/*Table structure for table `order_log` */

DROP TABLE IF EXISTS `order_log`;

CREATE TABLE `order_log` (
  `id` bigint NOT NULL AUTO_INCREMENT,
  `order_id` bigint DEFAULT NULL COMMENT '订单id',
  `operate_user` varchar(100) DEFAULT NULL COMMENT '操作人：用户；系统；后台管理员',
  `process_status` int DEFAULT NULL COMMENT '订单状态',
  `note` varchar(500) DEFAULT NULL COMMENT '备注',
  `create_time` timestamp NOT NULL DEFAULT CURRENT_TIMESTAMP COMMENT '创建时间',
  `create_by` varchar(64) DEFAULT NULL COMMENT '创建者',
  `update_time` timestamp NOT NULL DEFAULT CURRENT_TIMESTAMP ON UPDATE CURRENT_TIMESTAMP COMMENT '更新时间',
  `update_by` varchar(64) DEFAULT NULL COMMENT '更新者',
  `del_flag` char(1) NOT NULL DEFAULT '0' COMMENT '删除标志（0代表存在 2代表删除）',
  `remark` varchar(255) DEFAULT NULL COMMENT '备注',
  PRIMARY KEY (`id`)
) ENGINE=InnoDB AUTO_INCREMENT=600 DEFAULT CHARSET=utf8mb4 COLLATE=utf8mb4_0900_ai_ci COMMENT='订单操作日志记录';

/*Data for the table `order_log` */

/*Table structure for table `order_statistics` */

DROP TABLE IF EXISTS `order_statistics`;

CREATE TABLE `order_statistics` (
  `id` bigint NOT NULL AUTO_INCREMENT,
  `station_id` bigint DEFAULT NULL COMMENT '站点id',
  `order_date` date DEFAULT NULL COMMENT '订单统计日期',
  `total_amount` decimal(10,2) DEFAULT NULL COMMENT '总金额',
  `total_num` int DEFAULT NULL COMMENT '订单总数',
  `create_time` timestamp NOT NULL DEFAULT CURRENT_TIMESTAMP COMMENT '创建时间',
  `update_time` timestamp NOT NULL DEFAULT CURRENT_TIMESTAMP ON UPDATE CURRENT_TIMESTAMP COMMENT '更新时间',
  `is_deleted` tinyint NOT NULL DEFAULT '0' COMMENT '删除标记（0:不可用 1:可用）',
  PRIMARY KEY (`id`)
) ENGINE=InnoDB AUTO_INCREMENT=1191 DEFAULT CHARSET=utf8mb3 COMMENT='订单统计';

/*Data for the table `order_statistics` */

insert  into `order_statistics`(`id`,`station_id`,`order_date`,`total_amount`,`total_num`,`create_time`,`update_time`,`is_deleted`) values (187,1,'2023-06-10','19200.00',120,'2023-05-30 09:43:17','2024-11-05 11:48:23',0),(188,1,'2023-06-11','20000.00',100,'2023-05-30 09:45:16','2024-11-05 11:48:23',0),(189,1,'2023-06-12','23000.00',86,'2023-05-30 09:49:28','2024-11-05 11:48:23',0),(191,1,'2023-06-06','28997.00',110,'2023-06-01 01:00:00','2024-11-05 11:48:23',0),(192,2,'2023-06-01','12995.00',199,'2023-06-02 01:00:00','2024-11-05 11:48:44',0),(193,2,'2023-06-04','15994.00',2,'2023-06-03 01:00:00','2024-11-05 11:48:44',0),(194,1,'2023-06-09','19200.00',120,'2023-06-06 10:32:36','2024-11-05 11:48:23',0),(195,1,'2023-06-08','20000.00',100,'2023-06-06 10:32:36','2024-11-05 11:48:23',0),(196,1,'2023-06-07','23000.00',86,'2023-06-06 10:32:36','2024-11-05 11:48:23',0),(197,1,'2023-06-07','28997.00',110,'2023-06-06 10:32:36','2024-11-05 11:48:23',0),(198,2,'2023-06-06','12995.00',199,'2023-06-06 10:32:36','2024-11-05 11:48:44',0),(199,2,'2023-06-05','15994.00',2,'2023-06-06 10:32:36','2024-11-05 11:48:44',0),(201,1,'2023-06-06','19200.00',120,'2023-06-06 10:32:37','2024-11-05 11:48:23',0),(202,1,'2023-06-05','20000.00',100,'2023-06-06 10:32:37','2024-11-05 11:48:23',0),(203,1,'2023-06-04','23000.00',86,'2023-06-06 10:32:37','2024-11-05 11:48:23',0),(204,1,'2023-06-05','28997.00',110,'2023-06-06 10:32:37','2024-11-05 11:48:23',0),(205,2,'2023-06-02','12995.00',199,'2023-06-06 10:32:37','2024-11-05 11:48:44',0),(206,2,'2023-06-03','15994.00',2,'2023-06-06 10:32:37','2024-11-05 11:48:44',0),(207,1,'2023-06-03','19200.00',120,'2023-06-06 10:32:37','2024-11-05 11:48:23',0),(208,1,'2023-06-02','20000.00',100,'2023-06-06 10:32:37','2024-11-05 11:48:23',0),(209,1,'2023-06-01','23000.00',86,'2023-06-06 10:32:37','2024-11-05 11:48:23',0),(210,1,'2023-06-01','28997.00',110,'2023-06-06 10:32:37','2024-11-05 11:48:23',0),(211,2,'2023-06-07','12995.00',199,'2023-06-06 10:32:37','2024-11-05 11:48:44',0),(212,2,'2023-06-08','15994.00',2,'2023-06-06 10:32:37','2024-11-05 11:48:44',0),(216,2,'2023-06-10','19200.00',120,'2023-06-06 10:37:02','2024-11-05 11:48:44',0),(217,2,'2023-06-11','20000.00',100,'2023-06-06 10:37:02','2024-11-05 11:48:44',0),(218,2,'2023-06-12','23000.00',86,'2023-06-06 10:37:02','2024-11-05 11:48:44',0),(219,2,'2023-06-09','19200.00',120,'2023-06-06 10:37:02','2024-11-05 11:48:44',0),(220,2,'2023-06-08','20000.00',100,'2023-06-06 10:37:02','2024-11-05 11:48:44',0),(221,2,'2023-06-07','23000.00',86,'2023-06-06 10:37:02','2024-11-05 11:48:44',0),(222,2,'2023-06-06','19200.00',120,'2023-06-06 10:37:02','2024-11-05 11:48:44',0),(223,2,'2023-06-05','20000.00',100,'2023-06-06 10:37:02','2024-11-05 11:48:44',0),(224,2,'2023-06-04','23000.00',86,'2023-06-06 10:37:02','2024-11-05 11:48:44',0),(225,2,'2023-06-03','19200.00',120,'2023-06-06 10:37:02','2024-11-05 11:48:44',0),(226,2,'2023-06-02','20000.00',100,'2023-06-06 10:37:02','2024-11-05 11:48:44',0),(227,2,'2023-06-01','23000.00',86,'2023-06-06 10:37:02','2024-11-05 11:48:44',0),(231,2,'2023-06-06','28997.00',110,'2023-06-06 10:37:33','2024-11-05 11:48:44',0),(232,2,'2023-06-07','28997.00',110,'2023-06-06 10:37:33','2024-11-05 11:48:44',0),(233,2,'2023-06-05','28997.00',110,'2023-06-06 10:37:33','2024-11-05 11:48:44',0),(234,2,'2023-06-01','28997.00',110,'2023-06-06 10:37:33','2024-11-05 11:48:44',0),(238,2,'2023-06-01','12995.00',199,'2023-06-06 10:37:43','2024-11-05 11:48:44',0),(239,2,'2023-06-04','15994.00',2,'2023-06-06 10:37:43','2024-11-05 11:48:44',0),(240,2,'2023-06-06','12995.00',199,'2023-06-06 10:37:43','2024-11-05 11:48:44',0),(241,2,'2023-06-05','15994.00',2,'2023-06-06 10:37:43','2024-11-05 11:48:44',0),(242,2,'2023-06-02','12995.00',199,'2023-06-06 10:37:43','2024-11-05 11:48:44',0),(243,2,'2023-06-03','15994.00',2,'2023-06-06 10:37:43','2024-11-05 11:48:44',0),(244,2,'2023-06-07','12995.00',199,'2023-06-06 10:37:43','2024-11-05 11:48:44',0),(245,2,'2023-06-08','15994.00',2,'2023-06-06 10:37:43','2024-11-05 11:48:44',0),(253,2,'2023-06-08','18520.00',30,'2023-06-06 10:40:44','2024-11-05 11:48:44',0),(254,1,'2023-06-06','13995.00',1,'2023-06-08 01:00:00','2024-11-05 11:48:23',0),(255,2,'2023-06-06','13995.00',1,'2023-06-08 01:00:00','2024-11-05 11:48:44',0),(256,1,'2023-06-07','7997.00',1,'2023-06-09 01:00:00','2024-11-05 11:48:23',0),(257,2,'2023-06-07','11995.00',2,'2023-06-09 01:00:00','2024-11-05 11:48:44',0),(258,2,'2023-06-13','19991.00',6,'2023-06-15 01:00:00','2024-11-05 11:48:44',0),(259,2,'2023-07-01','2999.00',1,'2023-07-03 01:00:01','2024-11-05 11:48:44',0),(260,2,'2023-07-21','9995.00',5,'2023-07-23 01:00:00','2024-11-05 11:48:44',0),(261,2,'2023-07-24','1999.00',1,'2023-07-26 01:00:00','2024-11-05 11:48:44',0),(262,2,'2023-07-27','3998.00',2,'2023-07-29 01:00:00','2024-11-05 11:48:44',0),(263,2,'2023-08-01','1999.00',1,'2023-08-03 01:00:00','2024-11-05 11:48:44',0),(264,2,'2023-08-06','1999.00',1,'2023-08-08 01:00:00','2024-11-05 11:48:44',0),(265,2,'2023-08-13','8996.00',4,'2023-08-15 01:00:00','2024-11-05 11:48:44',0),(266,2,'2023-08-15','33988.00',1,'2023-08-17 01:00:00','2024-11-05 11:48:44',0),(267,2,'2023-08-16','45979.00',7,'2023-08-18 01:00:00','2024-11-05 11:48:44',0),(268,2,'2023-08-17','209916.00',27,'2023-08-19 01:00:00','2024-11-05 11:48:44',0),(269,2,'2023-08-17','10996.00',2,'2023-08-19 01:00:00','2024-11-05 11:48:44',0),(270,2,'2023-08-18','27988.00',4,'2023-08-20 01:00:00','2024-11-05 11:48:44',0),(271,2,'2023-08-19','21991.00',3,'2023-08-21 01:00:00','2024-11-05 11:48:44',0),(272,2,'2023-08-20','43981.00',6,'2023-08-22 01:00:00','2024-11-05 11:48:44',0),(273,2,'2023-08-21','7997.00',3,'2023-08-23 01:00:00','2024-11-05 11:48:44',0),(274,2,'2023-08-23','1999.00',1,'2023-08-25 01:00:00','2024-11-05 11:48:44',0),(275,2,'2023-08-25','7996.00',2,'2023-08-27 01:00:00','2024-11-05 11:48:44',0),(276,2,'2023-08-26','15992.00',2,'2023-08-28 01:00:00','2024-11-05 11:48:44',0),(277,2,'2023-08-27','25991.00',4,'2023-08-29 01:00:00','2024-11-05 11:48:44',0),(278,2,'2023-08-28','1999.00',1,'2023-08-30 01:00:00','2024-11-05 11:48:44',0),(279,2,'2023-08-28','1999.00',1,'2023-08-30 01:00:00','2024-11-05 11:48:44',0),(280,2,'2023-09-01','33984.00',3,'2023-09-03 01:00:00','2024-11-05 11:48:44',0),(281,1,'2023-09-03','2999.00',1,'2023-09-05 01:00:00','2024-11-05 11:48:23',0),(282,1,'2023-09-04','15993.00',1,'2023-09-06 01:00:00','2024-11-05 11:48:23',0),(283,1,'2023-09-05','1999.00',1,'2023-09-07 01:00:00','2024-11-05 11:48:23',0),(284,1,'2023-09-07','5998.00',1,'2023-09-09 01:00:00','2024-11-05 11:48:23',0),(285,1,'2023-09-08','27988.00',8,'2023-09-10 01:00:00','2024-11-05 11:48:23',0),(286,1,'2023-09-09','2999.00',1,'2023-09-11 01:00:00','2024-11-05 11:48:23',0),(287,1,'2023-09-10','3998.00',2,'2023-09-12 01:00:00','2024-11-05 11:48:23',0),(288,1,'2023-09-11','44980.00',10,'2023-09-13 01:00:00','2024-11-05 11:48:23',0),(289,1,'2023-09-12','114949.00',25,'2023-09-14 01:00:00','2024-11-05 11:48:23',0),(290,1,'2023-09-13','167932.00',13,'2023-09-15 01:00:00','2024-11-05 11:48:23',0),(291,1,'2023-09-14','188923.00',20,'2023-09-16 01:00:00','2024-11-05 11:48:23',0),(292,2,'2023-09-15','85966.00',7,'2023-09-17 01:00:00','2024-11-05 11:48:44',0),(293,2,'2023-09-16','45983.00',7,'2023-09-18 01:00:00','2024-11-05 11:48:44',0),(294,2,'2023-09-17','34987.00',5,'2023-09-19 01:00:00','2024-11-05 11:48:44',0),(295,2,'2023-09-18','19990.00',2,'2023-09-20 01:00:00','2024-11-05 11:48:44',0),(296,2,'2023-09-19','18991.00',4,'2023-09-21 01:00:00','2024-11-05 11:48:44',0),(297,2,'2023-09-21','49978.00',6,'2023-09-23 01:00:00','2024-11-05 11:48:44',0),(298,2,'2023-09-21','1999.00',1,'2023-09-23 01:00:00','2024-11-05 11:48:44',0),(299,2,'2023-09-22','2999.00',1,'2023-09-24 01:00:00','2024-11-05 11:48:44',0),(300,2,'2023-09-23','6997.00',1,'2023-09-25 01:00:00','2024-11-05 11:48:44',0),(301,2,'2023-09-24','1999.00',1,'2023-09-26 01:00:00','2024-11-05 11:48:44',0),(302,1,'2023-09-26','3998.00',1,'2023-09-28 01:00:00','2024-11-05 11:48:23',0),(303,2,'2023-09-26','16992.00',6,'2023-09-28 01:00:00','2024-11-05 11:48:44',0),(304,2,'2023-09-27','18991.00',1,'2023-09-29 01:00:00','2024-11-05 11:48:44',0),(305,2,'2023-09-27','6997.00',1,'2023-09-29 01:00:00','2024-11-05 11:48:44',0),(306,2,'2023-10-03','2999.00',1,'2023-10-05 01:00:00','2024-11-05 11:48:44',0),(307,2,'2023-10-06','68966.00',4,'2023-10-08 01:00:00','2024-11-05 11:48:44',0),(308,2,'2023-10-07','66967.00',2,'2023-10-09 01:00:00','2024-11-05 11:48:44',0),(309,2,'2023-10-07','12995.00',5,'2023-10-09 01:00:00','2024-11-05 11:48:44',0),(310,2,'2023-10-08','2999.00',1,'2023-10-10 01:00:00','2024-11-05 11:48:44',0),(311,2,'2023-10-09','12994.00',5,'2023-10-11 01:00:00','2024-11-05 11:48:44',0),(312,2,'2023-10-10','1999.00',1,'2023-10-12 01:00:00','2024-11-05 11:48:44',0),(313,2,'2023-10-10','34983.00',6,'2023-10-12 01:00:00','2024-11-05 11:48:44',0),(314,2,'2023-10-10','1999.00',1,'2023-10-12 01:00:00','2024-11-05 11:48:44',0),(315,1,'2023-10-11','4998.00',1,'2023-10-13 01:00:00','2024-11-05 11:48:23',0),(316,2,'2023-10-11','44980.00',18,'2023-10-13 01:00:00','2024-11-05 11:48:44',0),(317,1,'2023-10-12','22991.00',7,'2023-10-14 01:00:00','2024-11-05 11:48:23',0),(318,2,'2023-10-12','1999.00',1,'2023-10-14 01:00:00','2024-11-05 11:48:44',0),(319,2,'2023-10-12','1999.00',1,'2023-10-14 01:00:00','2024-11-05 11:48:44',0),(320,2,'2023-10-12','548775.00',17,'2023-10-14 01:00:00','2024-11-05 11:48:44',0),(321,1,'2023-10-15','15993.00',7,'2023-10-17 01:00:00','2024-11-05 11:48:23',0),(322,2,'2023-10-15','155931.00',14,'2023-10-17 01:00:00','2024-11-05 11:48:44',0),(323,2,'2023-10-16','103950.00',11,'2023-10-18 01:00:00','2024-11-05 11:48:44',0),(324,2,'2023-10-16','2999.00',1,'2023-10-18 01:00:00','2024-11-05 11:48:44',0),(325,2,'2023-10-17','39980.00',8,'2023-10-19 01:00:00','2024-11-05 11:48:44',0),(326,2,'2023-10-18','50979.00',12,'2023-10-20 01:00:00','2024-11-05 11:48:44',0),(327,2,'2023-10-19','185912.00',38,'2023-10-21 01:00:00','2024-11-05 11:48:44',0),(328,2,'2023-10-20','103948.00',1,'2023-10-22 01:00:00','2024-11-05 11:48:44',0),(329,2,'2023-10-20','1999.00',1,'2023-10-22 01:00:00','2024-11-05 11:48:44',0),(330,2,'2023-10-21','18992.00',5,'2023-10-23 01:00:00','2024-11-05 11:48:44',0),(331,2,'2023-10-22','4998.00',1,'2023-10-24 01:00:00','2024-11-05 11:48:44',0),(332,2,'2023-10-22','28988.00',4,'2023-10-24 01:00:00','2024-11-05 11:48:44',0),(333,2,'2023-10-23','24990.00',9,'2023-10-25 01:00:00','2024-11-05 11:48:44',0),(334,2,'2023-10-24','23989.00',5,'2023-10-26 01:00:00','2024-11-05 11:48:44',0),(335,2,'2023-10-25','5998.00',2,'2023-10-27 01:00:00','2024-11-05 11:48:44',0),(336,2,'2023-10-26','1999.00',1,'2023-10-28 01:00:00','2024-11-05 11:48:44',0),(337,2,'2023-10-26','50977.00',5,'2023-10-28 01:00:00','2024-11-05 11:48:44',0),(338,1,'2023-10-27','39984.00',4,'2023-10-29 01:00:00','2024-11-05 11:48:23',0),(339,2,'2023-10-27','103955.00',15,'2023-10-29 01:00:00','2024-11-05 11:48:44',0),(340,2,'2023-10-28','1999.00',1,'2023-10-30 01:00:00','2024-11-05 11:48:44',0),(341,2,'2023-10-28','11994.00',3,'2023-10-30 01:00:00','2024-11-05 11:48:44',0),(342,1,'2023-10-29','81961.00',8,'2023-10-31 01:00:00','2024-11-05 11:48:23',0),(343,2,'2023-10-29','5997.00',1,'2023-10-31 01:00:00','2024-11-05 11:48:44',0),(344,2,'2023-10-29','51974.00',7,'2023-10-31 01:00:00','2024-11-05 11:48:44',0),(345,1,'2023-10-30','13994.00',2,'2023-11-01 01:00:00','2024-11-05 11:48:23',0),(346,2,'2023-10-30','34988.00',9,'2023-11-01 01:00:00','2024-11-05 11:48:44',0),(347,2,'2023-10-31','29985.00',9,'2023-11-02 01:00:00','2024-11-05 11:48:44',0),(348,1,'2023-10-31','35985.00',5,'2023-11-02 01:00:00','2024-11-05 11:48:23',0),(349,1,'2023-11-01','9995.00',5,'2023-11-03 01:00:00','2024-11-05 11:48:23',0),(350,1,'2023-11-02','122939.00',23,'2023-11-04 01:00:00','2024-11-05 11:48:23',0),(351,2,'2023-11-03','25990.00',8,'2023-11-05 01:00:00','2024-11-05 11:48:44',0),(352,1,'2023-11-03','55978.00',12,'2023-11-05 01:00:00','2024-11-05 11:48:23',0),(353,1,'2023-11-04','27987.00',9,'2023-11-06 01:00:00','2024-11-05 11:48:23',0),(354,2,'2023-11-04','3998.00',1,'2023-11-06 01:00:00','2024-11-05 11:48:44',0),(355,1,'2023-11-05','1999.00',1,'2023-11-07 01:00:00','2024-11-05 11:48:23',0),(356,2,'2023-11-05','42980.00',4,'2023-11-07 01:00:00','2024-11-05 11:48:44',0),(357,2,'2023-11-05','17991.00',6,'2023-11-07 01:00:00','2024-11-05 11:48:44',0),(358,2,'2023-11-06','17992.00',3,'2023-11-08 01:00:00','2024-11-05 11:48:44',0),(359,2,'2023-11-07','17993.00',5,'2023-11-09 01:00:00','2024-11-05 11:48:44',0),(360,2,'2023-11-08','66967.00',11,'2023-11-10 01:00:00','2024-11-05 11:48:44',0),(361,2,'2023-11-09','121948.00',14,'2023-11-11 01:00:00','2024-11-05 11:48:44',0),(362,2,'2023-11-09','16993.00',1,'2023-11-11 01:00:00','2024-11-05 11:48:44',0),(363,2,'2023-11-10','10995.00',2,'2023-11-12 01:00:00','2024-11-05 11:48:44',0),(364,2,'2023-11-11','19992.00',4,'2023-11-13 01:00:00','2024-11-05 11:48:44',0),(365,2,'2023-11-12','3998.00',2,'2023-11-14 01:00:00','2024-11-05 11:48:44',0),(366,2,'2023-11-17','32987.00',10,'2023-11-19 01:00:00','2024-11-05 11:48:44',0),(367,2,'2023-11-18','1999.00',1,'2023-11-20 01:00:00','2024-11-05 11:48:44',0),(368,1,'2023-11-19','26989.00',9,'2023-11-21 01:00:00','2024-11-05 11:48:23',0),(369,1,'2023-11-20','93964.00',12,'2023-11-22 01:00:00','2024-11-05 11:48:23',0),(370,1,'2023-11-21','195925.00',14,'2023-11-23 01:00:00','2024-11-05 11:48:23',0),(371,2,'2023-11-21','4998.00',1,'2023-11-23 01:00:00','2024-11-05 11:48:44',0),(372,1,'2023-11-22','3998.00',2,'2023-11-24 01:00:00','2024-11-05 11:48:23',0),(373,1,'2023-11-23','245898.00',18,'2023-11-25 01:00:00','2024-11-05 11:48:23',0),(374,2,'2023-11-23','18991.00',2,'2023-11-25 01:00:00','2024-11-05 11:48:44',0),(375,1,'2023-11-24','135945.00',3,'2023-11-26 01:00:00','2024-11-05 11:48:23',0),(376,1,'2023-11-25','113954.00',2,'2023-11-27 01:00:00','2024-11-05 11:48:23',0),(377,1,'2023-11-26','315876.00',12,'2023-11-28 01:00:00','2024-11-05 11:48:23',0),(378,2,'2023-11-26','89965.00',2,'2023-11-28 01:00:00','2024-11-05 11:48:44',0),(379,2,'2023-11-28','62974.00',11,'2023-11-30 01:00:00','2024-11-05 11:48:44',0),(380,2,'2023-11-29','29988.00',6,'2023-12-01 01:00:00','2024-11-05 11:48:44',0),(381,2,'2023-11-29','28989.00',4,'2023-12-01 01:00:00','2024-11-05 11:48:44',0),(382,2,'2023-11-30','5998.00',2,'2023-12-02 01:00:00','2024-11-05 11:48:44',0),(383,2,'2023-12-02','7997.00',2,'2023-12-04 01:00:00','2024-11-05 11:48:44',0),(384,2,'2023-12-02','6997.00',2,'2023-12-04 01:00:00','2024-11-05 11:48:44',0),(385,2,'2023-12-03','10996.00',4,'2023-12-05 01:00:00','2024-11-05 11:48:44',0),(386,2,'2023-12-04','16994.00',6,'2023-12-06 01:00:00','2024-11-05 11:48:44',0),(387,2,'2023-12-05','1999.00',1,'2023-12-07 01:00:00','2024-11-05 11:48:44',0),(388,2,'2023-12-05','44978.00',11,'2023-12-07 01:00:00','2024-11-05 11:48:44',0),(389,2,'2023-12-06','1999.00',1,'2023-12-08 01:00:00','2024-11-05 11:48:44',0),(390,2,'2023-12-07','13994.00',4,'2023-12-09 01:00:00','2024-11-05 11:48:44',0),(391,1,'2023-12-08','10995.00',5,'2023-12-10 01:00:00','2024-11-05 11:48:23',0),(392,1,'2023-12-09','5997.00',3,'2023-12-11 01:00:00','2024-11-05 11:48:23',0),(393,1,'2023-12-10','145927.00',2,'2023-12-12 01:00:00','2024-11-05 11:48:23',0),(394,1,'2023-12-11','9995.00',5,'2023-12-13 01:00:00','2024-11-05 11:48:23',0),(395,1,'2023-12-12','16992.00',6,'2023-12-14 01:00:00','2024-11-05 11:48:23',0),(396,1,'2023-12-13','3998.00',2,'2023-12-15 01:00:00','2024-11-05 11:48:23',0),(397,1,'2023-12-14','148928.00',13,'2023-12-16 01:00:00','2024-11-05 11:48:23',0),(398,1,'2023-12-15','32987.00',6,'2023-12-17 01:00:00','2024-11-05 11:48:23',0),(399,1,'2023-12-16','13993.00',6,'2023-12-18 01:00:00','2024-11-05 11:48:23',0),(400,1,'2023-12-17','56974.00',18,'2023-12-19 01:00:00','2024-11-05 11:48:23',0),(401,1,'2023-12-18','76966.00',11,'2023-12-20 01:00:00','2024-11-05 11:48:23',0),(402,1,'2023-12-19','222896.00',25,'2023-12-21 01:00:00','2024-11-05 11:48:23',0),(403,2,'2023-12-19','1999.00',1,'2023-12-21 01:00:00','2024-11-05 11:48:44',0),(404,1,'2023-12-20','52978.00',8,'2023-12-22 01:00:00','2024-11-05 11:48:23',0),(405,1,'2023-12-21','43979.00',19,'2023-12-23 01:00:00','2024-11-05 11:48:23',0),(406,1,'2023-12-22','27989.00',4,'2023-12-24 01:00:00','2024-11-05 11:48:23',0),(407,1,'2023-12-23','145935.00',7,'2023-12-25 01:00:00','2024-11-05 11:48:23',0),(408,1,'2023-12-24','97956.00',5,'2023-12-26 01:00:00','2024-11-05 11:48:23',0),(409,1,'2023-12-26','85959.00',4,'2023-12-28 01:00:00','2024-11-05 11:48:23',0),(410,1,'2023-12-28','11996.00',1,'2023-12-30 01:00:00','2024-11-05 11:48:23',0),(411,1,'2023-12-29','35988.00',6,'2023-12-31 01:00:00','2024-11-05 11:48:23',0),(412,1,'2023-12-30','15994.00',2,'2024-01-01 01:00:00','2024-11-05 11:48:23',0),(413,1,'2023-12-31','7997.00',1,'2024-01-02 01:00:00','2024-11-05 11:48:23',0),(414,1,'2024-01-01','9995.00',5,'2024-01-03 01:00:00','2024-11-05 11:48:23',0),(415,1,'2024-01-02','3998.00',2,'2024-01-04 01:00:00','2024-11-05 11:48:23',0),(416,1,'2024-01-03','15993.00',6,'2024-01-05 01:00:00','2024-11-05 11:48:23',0),(417,1,'2024-01-04','1999.00',1,'2024-01-06 01:00:00','2024-11-05 11:48:23',0),(418,1,'2024-01-05','12995.00',3,'2024-01-07 01:00:00','2024-11-05 11:48:23',0),(419,1,'2024-01-06','9996.00',3,'2024-01-08 01:00:00','2024-11-05 11:48:23',0),(420,1,'2024-01-07','73969.00',13,'2024-01-09 01:00:00','2024-11-05 11:48:23',0),(421,1,'2024-01-08','1999.00',1,'2024-01-10 01:00:00','2024-11-05 11:48:23',0),(422,1,'2024-01-09','30987.00',2,'2024-01-11 01:00:00','2024-11-05 11:48:23',0),(423,1,'2024-01-10','36986.00',5,'2024-01-12 01:00:00','2024-11-05 11:48:23',0),(424,1,'2024-01-11','1999.00',1,'2024-01-13 01:00:00','2024-11-05 11:48:23',0),(425,1,'2024-01-12','25988.00',2,'2024-01-14 01:00:00','2024-11-05 11:48:23',0),(426,1,'2024-01-14','247893.00',12,'2024-01-16 01:00:00','2024-11-05 11:48:23',0),(427,1,'2024-01-15','4998.00',2,'2024-01-17 01:00:00','2024-11-05 11:48:23',0),(428,1,'2024-01-16','7996.00',4,'2024-01-18 01:00:00','2024-11-05 11:48:23',0),(429,1,'2024-01-17','3998.00',2,'2024-01-19 01:00:00','2024-11-05 11:48:23',0),(430,1,'2024-01-18','42885.01',16,'2024-01-20 01:00:00','2024-11-05 11:48:23',0),(431,2,'2024-01-18','14994.00',1,'2024-01-20 01:00:00','2024-11-05 11:48:44',0),(432,1,'2024-01-19','32986.01',9,'2024-01-21 01:00:00','2024-11-05 11:48:23',0),(433,1,'2024-01-20','1999.00',1,'2024-01-22 01:00:00','2024-11-05 11:48:23',0),(434,1,'2024-01-21','26987.00',3,'2024-01-23 01:00:00','2024-11-05 11:48:23',0),(435,1,'2024-01-22','26987.00',3,'2024-01-24 01:00:00','2024-11-05 11:48:23',0),(436,1,'2024-01-23','1999.00',1,'2024-01-25 01:00:00','2024-11-05 11:48:23',0),(437,1,'2024-01-24','1999.00',1,'2024-01-26 01:00:00','2024-11-05 11:48:23',0),(438,1,'2024-01-26','1999.00',1,'2024-01-28 01:00:00','2024-11-05 11:48:23',0),(439,1,'2024-01-27','1999.00',1,'2024-01-29 01:00:00','2024-11-05 11:48:23',0),(440,1,'2024-01-28','1999.00',1,'2024-01-30 01:00:00','2024-11-05 11:48:23',0),(441,1,'2024-01-29','3998.00',2,'2024-01-31 01:00:00','2024-11-05 11:48:23',0),(442,1,'2024-01-31','3998.00',2,'2024-02-02 01:00:00','2024-11-05 11:48:23',0),(443,1,'2024-02-01','4998.00',2,'2024-02-03 01:00:00','2024-11-05 11:48:23',0),(444,1,'2024-02-03','1999.00',1,'2024-02-05 01:00:00','2024-11-05 11:48:23',0),(445,1,'2024-02-04','45978.00',4,'2024-02-06 01:00:00','2024-11-05 11:48:23',0),(446,1,'2024-02-06','20990.00',1,'2024-02-08 01:00:00','2024-11-05 11:48:23',0),(447,1,'2024-02-07','26987.00',1,'2024-02-09 01:00:00','2024-11-05 11:48:23',0),(448,1,'2024-02-13','1999.00',1,'2024-02-15 01:00:00','2024-11-05 11:48:23',0),(449,1,'2024-02-14','19990.00',5,'2024-02-16 01:00:00','2024-11-05 11:48:23',0),(450,1,'2024-02-16','3998.00',1,'2024-02-18 01:00:00','2024-11-05 11:48:23',0),(451,1,'2024-02-17','11994.00',2,'2024-02-19 01:00:00','2024-11-05 11:48:23',0),(452,1,'2024-02-18','8997.00',1,'2024-02-20 01:00:00','2024-11-05 11:48:23',0),(453,1,'2024-02-20','2999.00',1,'2024-02-22 01:00:00','2024-11-05 11:48:23',0),(454,2,'2024-02-20','2999.00',1,'2024-02-22 01:00:00','2024-11-05 11:48:44',0),(455,2,'2024-02-21','5997.00',3,'2024-02-23 01:00:00','2024-11-05 11:48:44',0),(456,1,'2024-02-21','1999.00',1,'2024-02-23 01:00:00','2024-11-05 11:48:23',0),(457,1,'2024-02-22','17991.00',3,'2024-02-24 01:00:00','2024-11-05 11:48:23',0),(458,1,'2024-02-23','20990.00',4,'2024-02-25 01:00:00','2024-11-05 11:48:23',0),(459,2,'2024-02-24','34984.00',4,'2024-02-26 01:00:00','2024-11-05 11:48:44',0),(460,1,'2024-02-24','10995.00',1,'2024-02-26 01:00:00','2024-11-05 11:48:23',0),(461,1,'2024-02-25','1999.00',1,'2024-02-27 01:00:00','2024-11-05 11:48:23',0),(462,2,'2024-02-25','1999.00',1,'2024-02-27 01:00:00','2024-11-05 11:48:44',0),(463,1,'2024-02-26','74965.00',4,'2024-02-28 01:00:00','2024-11-05 11:48:23',0),(464,1,'2024-02-27','532735.00',12,'2024-02-29 01:00:00','2024-11-05 11:48:23',0),(465,1,'2024-02-28','143930.00',3,'2024-03-01 01:00:00','2024-11-05 11:48:23',0),(466,1,'2024-02-29','1999.00',1,'2024-03-02 01:00:00','2024-11-05 11:48:23',0),(467,1,'2024-03-01','4998.00',2,'2024-03-03 01:00:00','2024-11-05 11:48:23',0),(468,1,'2024-03-05','13994.00',4,'2024-03-07 01:00:00','2024-11-05 11:48:23',0),(469,1,'2024-03-07','27989.00',4,'2024-03-09 01:00:00','2024-11-05 11:48:23',0),(470,2,'2024-03-07','1999.00',1,'2024-03-09 01:00:00','2024-11-05 11:48:44',0),(471,2,'2024-03-07','3998.00',1,'2024-03-09 01:00:00','2024-11-05 11:48:44',0),(472,2,'2024-03-08','1999.00',1,'2024-03-10 01:00:00','2024-11-05 11:48:44',0),(473,1,'2024-03-10','13993.00',2,'2024-03-12 01:00:00','2024-11-05 11:48:23',0),(474,1,'2024-03-11','50978.00',8,'2024-03-13 01:00:00','2024-11-05 11:48:23',0),(475,2,'2024-03-11','1999.00',1,'2024-03-13 01:00:00','2024-11-05 11:48:44',0),(476,1,'2024-03-12','59974.00',12,'2024-03-14 01:00:00','2024-11-05 11:48:23',0),(477,1,'2024-03-13','47980.00',16,'2024-03-15 01:00:00','2024-11-05 11:48:23',0),(478,1,'2024-03-14','13993.00',4,'2024-03-16 01:00:00','2024-11-05 11:48:23',0),(479,1,'2024-03-15','432786.00',7,'2024-03-17 01:00:00','2024-11-05 11:48:23',0),(480,1,'2024-03-17','56972.00',10,'2024-03-19 01:00:00','2024-11-05 11:48:23',0),(481,1,'2024-03-18','253907.00',15,'2024-03-20 01:00:00','2024-11-05 11:48:23',0),(482,1,'2024-03-19','9996.00',1,'2024-03-21 01:00:00','2024-11-05 11:48:23',0),(483,2,'2024-03-19','11995.00',5,'2024-03-21 01:00:00','2024-11-05 11:48:44',0),(484,1,'2024-06-10','19200.00',120,'2024-03-21 14:32:03','2024-11-05 11:48:23',0),(485,1,'2024-06-11','20000.00',100,'2024-03-21 14:32:03','2024-11-05 11:48:23',0),(486,1,'2024-06-12','23000.00',86,'2024-03-21 14:32:03','2024-11-05 11:48:23',0),(487,1,'2024-06-06','28997.00',110,'2024-03-21 14:32:03','2024-11-05 11:48:23',0),(488,2,'2024-06-01','12995.00',199,'2024-03-21 14:32:03','2024-11-05 11:48:44',0),(489,2,'2024-06-04','15994.00',2,'2024-03-21 14:32:03','2024-11-05 11:48:44',0),(490,1,'2024-06-09','19200.00',120,'2024-03-21 14:32:03','2024-11-05 11:48:23',0),(491,1,'2024-06-08','20000.00',100,'2024-03-21 14:32:03','2024-11-05 11:48:23',0),(492,1,'2024-06-07','23000.00',86,'2024-03-21 14:32:03','2024-11-05 11:48:23',0),(493,1,'2024-06-07','28997.00',110,'2024-03-21 14:32:03','2024-11-05 11:48:23',0),(494,2,'2024-06-06','12995.00',199,'2024-03-21 14:32:03','2024-11-05 11:48:44',0),(495,2,'2024-06-05','15994.00',2,'2024-03-21 14:32:03','2024-11-05 11:48:44',0),(496,1,'2024-06-06','19200.00',120,'2024-03-21 14:32:03','2024-11-05 11:48:23',0),(497,1,'2024-06-05','20000.00',100,'2024-03-21 14:32:03','2024-11-05 11:48:23',0),(498,1,'2024-06-04','23000.00',86,'2024-03-21 14:32:03','2024-11-05 11:48:23',0),(499,1,'2024-06-05','28997.00',110,'2024-03-21 14:32:03','2024-11-05 11:48:23',0),(500,2,'2024-06-02','12995.00',199,'2024-03-21 14:32:03','2024-11-05 11:48:44',0),(501,2,'2024-06-03','15994.00',2,'2024-03-21 14:32:03','2024-11-05 11:48:44',0),(502,1,'2024-06-03','19200.00',120,'2024-03-21 14:32:03','2024-11-05 11:48:23',0),(503,1,'2024-06-02','20000.00',100,'2024-03-21 14:32:03','2024-11-05 11:48:23',0),(504,1,'2024-06-01','23000.00',86,'2024-03-21 14:32:03','2024-11-05 11:48:23',0),(505,1,'2024-06-01','28997.00',110,'2024-03-21 14:32:03','2024-11-05 11:48:23',0),(506,2,'2024-06-07','12995.00',199,'2024-03-21 14:32:03','2024-11-05 11:48:44',0),(507,2,'2024-06-08','15994.00',2,'2024-03-21 14:32:03','2024-11-05 11:48:44',0),(508,2,'2024-06-10','19200.00',120,'2024-03-21 14:32:03','2024-11-05 11:48:44',0),(509,2,'2024-06-11','20000.00',100,'2024-03-21 14:32:03','2024-11-05 11:48:44',0),(510,2,'2024-06-12','23000.00',86,'2024-03-21 14:32:03','2024-11-05 11:48:44',0),(511,2,'2024-06-09','19200.00',120,'2024-03-21 14:32:03','2024-11-05 11:48:44',0),(512,2,'2024-06-08','20000.00',100,'2024-03-21 14:32:03','2024-11-05 11:48:44',0),(513,2,'2024-06-07','23000.00',86,'2024-03-21 14:32:03','2024-11-05 11:48:44',0),(514,2,'2024-06-06','19200.00',120,'2024-03-21 14:32:03','2024-11-05 11:48:44',0),(515,2,'2024-06-05','20000.00',100,'2024-03-21 14:32:03','2024-11-05 11:48:44',0),(516,2,'2024-06-04','23000.00',86,'2024-03-21 14:32:03','2024-11-05 11:48:44',0),(517,2,'2024-06-03','19200.00',120,'2024-03-21 14:32:03','2024-11-05 11:48:44',0),(518,2,'2024-06-02','20000.00',100,'2024-03-21 14:32:03','2024-11-05 11:48:44',0),(519,2,'2024-06-01','23000.00',86,'2024-03-21 14:32:03','2024-11-05 11:48:44',0),(520,2,'2024-06-06','28997.00',110,'2024-03-21 14:32:03','2024-11-05 11:48:44',0),(521,2,'2024-06-07','28997.00',110,'2024-03-21 14:32:03','2024-11-05 11:48:44',0),(522,2,'2024-06-05','28997.00',110,'2024-03-21 14:32:03','2024-11-05 11:48:44',0),(523,2,'2024-06-01','28997.00',110,'2024-03-21 14:32:03','2024-11-05 11:48:44',0),(524,2,'2024-06-01','12995.00',199,'2024-03-21 14:32:03','2024-11-05 11:48:44',0),(525,2,'2024-06-04','15994.00',2,'2024-03-21 14:32:03','2024-11-05 11:48:44',0),(526,2,'2024-06-06','12995.00',199,'2024-03-21 14:32:03','2024-11-05 11:48:44',0),(527,2,'2024-06-05','15994.00',2,'2024-03-21 14:32:03','2024-11-05 11:48:44',0),(528,2,'2024-06-02','12995.00',199,'2024-03-21 14:32:03','2024-11-05 11:48:44',0),(529,2,'2024-06-03','15994.00',2,'2024-03-21 14:32:03','2024-11-05 11:48:44',0),(530,2,'2024-06-07','12995.00',199,'2024-03-21 14:32:03','2024-11-05 11:48:44',0),(531,2,'2024-06-08','15994.00',2,'2024-03-21 14:32:03','2024-11-05 11:48:44',0),(532,2,'2024-06-08','18520.00',30,'2024-03-21 14:32:03','2024-11-05 11:48:44',0),(533,1,'2024-06-06','13995.00',1,'2024-03-21 14:32:03','2024-11-05 11:48:23',0),(534,2,'2024-06-06','13995.00',1,'2024-03-21 14:32:03','2024-11-05 11:48:44',0),(535,1,'2024-06-07','7997.00',1,'2024-03-21 14:32:03','2024-11-05 11:48:23',0),(536,2,'2024-06-07','11995.00',2,'2024-03-21 14:32:03','2024-11-05 11:48:44',0),(537,2,'2024-06-13','19991.00',6,'2024-03-21 14:32:03','2024-11-05 11:48:44',0),(538,2,'2024-07-01','2999.00',1,'2024-03-21 14:32:03','2024-11-05 11:48:44',0),(539,2,'2024-07-21','9995.00',5,'2024-03-21 14:32:03','2024-11-05 11:48:44',0),(540,2,'2024-07-24','1999.00',1,'2024-03-21 14:32:03','2024-11-05 11:48:44',0),(541,2,'2024-07-27','3998.00',2,'2024-03-21 14:32:03','2024-11-05 11:48:44',0),(542,2,'2024-08-01','1999.00',1,'2024-03-21 14:32:03','2024-11-05 11:48:44',0),(543,2,'2024-08-06','1999.00',1,'2024-03-21 14:32:03','2024-11-05 11:48:44',0),(544,2,'2024-08-13','8996.00',4,'2024-03-21 14:32:03','2024-11-05 11:48:44',0),(545,2,'2024-08-15','33988.00',1,'2024-03-21 14:32:03','2024-11-05 11:48:44',0),(546,2,'2024-08-16','45979.00',7,'2024-03-21 14:32:03','2024-11-05 11:48:44',0),(547,2,'2024-08-17','209916.00',27,'2024-03-21 14:32:03','2024-11-05 11:48:44',0),(548,2,'2024-08-17','10996.00',2,'2024-03-21 14:32:03','2024-11-05 11:48:44',0),(549,2,'2024-08-18','27988.00',4,'2024-03-21 14:32:03','2024-11-05 11:48:44',0),(550,2,'2024-08-19','21991.00',3,'2024-03-21 14:32:03','2024-11-05 11:48:44',0),(551,2,'2024-08-20','43981.00',6,'2024-03-21 14:32:03','2024-11-05 11:48:44',0),(552,2,'2024-08-21','7997.00',3,'2024-03-21 14:32:03','2024-11-05 11:48:44',0),(553,2,'2024-08-23','1999.00',1,'2024-03-21 14:32:03','2024-11-05 11:48:44',0),(554,2,'2024-08-25','7996.00',2,'2024-03-21 14:32:03','2024-11-05 11:48:44',0),(555,2,'2024-08-26','15992.00',2,'2024-03-21 14:32:03','2024-11-05 11:48:44',0),(556,2,'2024-08-27','25991.00',4,'2024-03-21 14:32:03','2024-11-05 11:48:44',0),(557,2,'2024-08-28','1999.00',1,'2024-03-21 14:32:03','2024-11-05 11:48:44',0),(558,2,'2024-08-28','1999.00',1,'2024-03-21 14:32:03','2024-11-05 11:48:44',0),(559,2,'2024-09-01','33984.00',3,'2024-03-21 14:32:03','2024-11-05 11:48:44',0),(560,1,'2024-09-03','2999.00',1,'2024-03-21 14:32:03','2024-11-05 11:48:23',0),(561,1,'2024-09-04','15993.00',1,'2024-03-21 14:32:03','2024-11-05 11:48:23',0),(562,1,'2024-09-05','1999.00',1,'2024-03-21 14:32:03','2024-11-05 11:48:23',0),(563,1,'2024-09-07','5998.00',1,'2024-03-21 14:32:03','2024-11-05 11:48:23',0),(564,1,'2024-09-08','27988.00',8,'2024-03-21 14:32:03','2024-11-05 11:48:23',0),(565,1,'2024-09-09','2999.00',1,'2024-03-21 14:32:03','2024-11-05 11:48:23',0),(566,1,'2024-09-10','3998.00',2,'2024-03-21 14:32:03','2024-11-05 11:48:23',0),(567,1,'2024-09-11','44980.00',10,'2024-03-21 14:32:03','2024-11-05 11:48:23',0),(568,1,'2024-09-12','114949.00',25,'2024-03-21 14:32:03','2024-11-05 11:48:23',0),(569,1,'2024-09-13','167932.00',13,'2024-03-21 14:32:03','2024-11-05 11:48:23',0),(570,1,'2024-09-14','188923.00',20,'2024-03-21 14:32:03','2024-11-05 11:48:23',0),(571,2,'2024-09-15','85966.00',7,'2024-03-21 14:32:03','2024-11-05 11:48:44',0),(572,2,'2024-09-16','45983.00',7,'2024-03-21 14:32:03','2024-11-05 11:48:44',0),(573,2,'2024-09-17','34987.00',5,'2024-03-21 14:32:03','2024-11-05 11:48:44',0),(574,2,'2024-09-18','19990.00',2,'2024-03-21 14:32:03','2024-11-05 11:48:44',0),(575,2,'2024-09-19','18991.00',4,'2024-03-21 14:32:03','2024-11-05 11:48:44',0),(576,2,'2024-09-21','49978.00',6,'2024-03-21 14:32:03','2024-11-05 11:48:44',0),(577,2,'2024-09-21','1999.00',1,'2024-03-21 14:32:03','2024-11-05 11:48:44',0),(578,2,'2024-09-22','2999.00',1,'2024-03-21 14:32:03','2024-11-05 11:48:44',0),(579,2,'2024-09-23','6997.00',1,'2024-03-21 14:32:03','2024-11-05 11:48:44',0),(580,2,'2024-09-24','1999.00',1,'2024-03-21 14:32:03','2024-11-05 11:48:44',0),(581,1,'2024-09-26','3998.00',1,'2024-03-21 14:32:03','2024-11-05 11:48:23',0),(582,2,'2024-09-26','16992.00',6,'2024-03-21 14:32:03','2024-11-05 11:48:44',0),(583,2,'2024-09-27','18991.00',1,'2024-03-21 14:32:03','2024-11-05 11:48:44',0),(584,2,'2024-09-27','6997.00',1,'2024-03-21 14:32:03','2024-11-05 11:48:44',0),(585,2,'2024-10-03','2999.00',1,'2024-03-21 14:32:03','2024-11-05 11:48:44',0),(586,2,'2024-10-06','68966.00',4,'2024-03-21 14:32:03','2024-11-05 11:48:44',0),(587,2,'2024-10-07','66967.00',2,'2024-03-21 14:32:03','2024-11-05 11:48:44',0),(588,2,'2024-10-07','12995.00',5,'2024-03-21 14:32:03','2024-11-05 11:48:44',0),(589,2,'2024-10-08','2999.00',1,'2024-03-21 14:32:03','2024-11-05 11:48:44',0),(590,2,'2024-10-09','12994.00',5,'2024-03-21 14:32:03','2024-11-05 11:48:44',0),(591,2,'2024-10-10','1999.00',1,'2024-03-21 14:32:03','2024-11-05 11:48:44',0),(592,2,'2024-10-10','34983.00',6,'2024-03-21 14:32:03','2024-11-05 11:48:44',0),(593,2,'2024-10-10','1999.00',1,'2024-03-21 14:32:03','2024-11-05 11:48:44',0),(594,1,'2024-10-11','4998.00',1,'2024-03-21 14:32:03','2024-11-05 11:48:23',0),(595,2,'2024-10-11','44980.00',18,'2024-03-21 14:32:03','2024-11-05 11:48:44',0),(596,1,'2024-10-12','22991.00',7,'2024-03-21 14:32:03','2024-11-05 11:48:23',0),(597,2,'2024-10-12','1999.00',1,'2024-03-21 14:32:03','2024-11-05 11:48:44',0),(598,2,'2024-10-12','1999.00',1,'2024-03-21 14:32:03','2024-11-05 11:48:44',0),(599,2,'2024-10-12','548775.00',17,'2024-03-21 14:32:03','2024-11-05 11:48:44',0),(600,1,'2024-10-15','15993.00',7,'2024-03-21 14:32:03','2024-11-05 11:48:23',0),(601,2,'2024-10-15','155931.00',14,'2024-03-21 14:32:03','2024-11-05 11:48:44',0),(602,2,'2024-10-16','103950.00',11,'2024-03-21 14:32:03','2024-11-05 11:48:44',0),(603,2,'2024-10-16','2999.00',1,'2024-03-21 14:32:03','2024-11-05 11:48:44',0),(604,2,'2024-10-17','39980.00',8,'2024-03-21 14:32:03','2024-11-05 11:48:44',0),(605,2,'2024-10-18','50979.00',12,'2024-03-21 14:32:03','2024-11-05 11:48:44',0),(606,2,'2024-10-19','185912.00',38,'2024-03-21 14:32:03','2024-11-05 11:48:44',0),(607,2,'2024-10-20','103948.00',1,'2024-03-21 14:32:03','2024-11-05 11:48:44',0),(608,2,'2024-10-20','1999.00',1,'2024-03-21 14:32:03','2024-11-05 11:48:44',0),(609,2,'2024-10-21','18992.00',5,'2024-03-21 14:32:03','2024-11-05 11:48:44',0),(610,2,'2024-10-22','4998.00',1,'2024-03-21 14:32:03','2024-11-05 11:48:44',0),(611,2,'2024-10-22','28988.00',4,'2024-03-21 14:32:03','2024-11-05 11:48:44',0),(612,2,'2024-10-23','24990.00',9,'2024-03-21 14:32:03','2024-11-05 11:48:44',0),(613,2,'2024-10-24','23989.00',5,'2024-03-21 14:32:03','2024-11-05 11:48:44',0),(614,2,'2024-10-25','5998.00',2,'2024-03-21 14:32:03','2024-11-05 11:48:44',0),(615,2,'2024-10-26','1999.00',1,'2024-03-21 14:32:03','2024-11-05 11:48:44',0),(616,2,'2024-10-26','50977.00',5,'2024-03-21 14:32:03','2024-11-05 11:48:44',0),(617,1,'2024-10-27','39984.00',4,'2024-03-21 14:32:03','2024-11-05 11:48:23',0),(618,2,'2024-10-27','103955.00',15,'2024-03-21 14:32:03','2024-11-05 11:48:44',0),(619,2,'2024-10-28','1999.00',1,'2024-03-21 14:32:03','2024-11-05 11:48:44',0),(620,2,'2024-10-28','11994.00',3,'2024-03-21 14:32:03','2024-11-05 11:48:44',0),(621,1,'2024-10-29','81961.00',8,'2024-03-21 14:32:03','2024-11-05 11:48:23',0),(622,2,'2024-10-29','5997.00',1,'2024-03-21 14:32:03','2024-11-05 11:48:44',0),(623,2,'2024-10-29','51974.00',7,'2024-03-21 14:32:03','2024-11-05 11:48:44',0),(624,1,'2024-10-30','13994.00',2,'2024-03-21 14:32:03','2024-11-05 11:48:23',0),(625,2,'2024-10-30','34988.00',9,'2024-03-21 14:32:03','2024-11-05 11:48:44',0),(626,2,'2024-10-31','29985.00',9,'2024-03-21 14:32:03','2024-11-05 11:48:44',0),(627,1,'2024-10-31','35985.00',5,'2024-03-21 14:32:03','2024-11-05 11:48:23',0),(628,1,'2024-11-01','9995.00',5,'2024-03-21 14:32:03','2024-11-05 11:48:23',0),(629,1,'2024-11-02','122939.00',23,'2024-03-21 14:32:03','2024-11-05 11:48:23',0),(630,2,'2024-11-03','25990.00',8,'2024-03-21 14:32:03','2024-11-05 11:48:44',0),(631,1,'2024-11-03','55978.00',12,'2024-03-21 14:32:03','2024-11-05 11:48:23',0),(632,1,'2024-11-04','27987.00',9,'2024-03-21 14:32:03','2024-11-05 11:48:23',0),(633,2,'2024-11-04','3998.00',1,'2024-03-21 14:32:03','2024-11-05 11:48:44',0),(634,1,'2024-11-05','1999.00',1,'2024-03-21 14:32:03','2024-11-05 11:48:23',0),(635,2,'2024-11-05','42980.00',4,'2024-03-21 14:32:03','2024-11-05 11:48:44',0),(636,2,'2024-11-05','17991.00',6,'2024-03-21 14:32:03','2024-11-05 11:48:44',0),(637,2,'2024-11-06','17992.00',3,'2024-03-21 14:32:03','2024-11-05 11:48:44',0),(638,2,'2024-11-07','17993.00',5,'2024-03-21 14:32:03','2024-11-05 11:48:44',0),(639,2,'2024-11-08','66967.00',11,'2024-03-21 14:32:03','2024-11-05 11:48:44',0),(640,2,'2024-11-09','121948.00',14,'2024-03-21 14:32:03','2024-11-05 11:48:44',0),(641,2,'2024-11-09','16993.00',1,'2024-03-21 14:32:03','2024-11-05 11:48:44',0),(642,2,'2024-11-10','10995.00',2,'2024-03-21 14:32:03','2024-11-05 11:48:44',0),(643,2,'2024-11-11','19992.00',4,'2024-03-21 14:32:03','2024-11-05 11:48:44',0),(644,2,'2024-11-12','3998.00',2,'2024-03-21 14:32:03','2024-11-05 11:48:44',0),(645,2,'2024-11-17','32987.00',10,'2024-03-21 14:32:03','2024-11-05 11:48:44',0),(646,2,'2024-11-18','1999.00',1,'2024-03-21 14:32:03','2024-11-05 11:48:44',0),(647,1,'2024-11-19','26989.00',9,'2024-03-21 14:32:03','2024-11-05 11:48:23',0),(648,1,'2024-11-20','93964.00',12,'2024-03-21 14:32:03','2024-11-05 11:48:23',0),(649,1,'2024-11-21','195925.00',14,'2024-03-21 14:32:03','2024-11-05 11:48:23',0),(650,2,'2024-11-21','4998.00',1,'2024-03-21 14:32:03','2024-11-05 11:48:44',0),(651,1,'2024-11-22','3998.00',2,'2024-03-21 14:32:03','2024-11-05 11:48:23',0),(652,1,'2024-11-23','245898.00',18,'2024-03-21 14:32:03','2024-11-05 11:48:23',0),(653,2,'2024-11-23','18991.00',2,'2024-03-21 14:32:03','2024-11-05 11:48:44',0),(654,1,'2024-11-24','135945.00',3,'2024-03-21 14:32:03','2024-11-05 11:48:23',0),(655,1,'2024-11-25','113954.00',2,'2024-03-21 14:32:03','2024-11-05 11:48:23',0),(656,1,'2024-11-26','315876.00',12,'2024-03-21 14:32:03','2024-11-05 11:48:23',0),(657,2,'2024-11-26','89965.00',2,'2024-03-21 14:32:03','2024-11-05 11:48:44',0),(658,2,'2024-11-28','62974.00',11,'2024-03-21 14:32:03','2024-11-05 11:48:44',0),(659,2,'2024-11-29','29988.00',6,'2024-03-21 14:32:03','2024-11-05 11:48:44',0),(660,2,'2024-11-29','28989.00',4,'2024-03-21 14:32:03','2024-11-05 11:48:44',0),(661,2,'2024-11-30','5998.00',2,'2024-03-21 14:32:03','2024-11-05 11:48:44',0),(662,2,'2024-12-02','7997.00',2,'2024-03-21 14:32:03','2024-11-05 11:48:44',0),(663,2,'2024-12-02','6997.00',2,'2024-03-21 14:32:03','2024-11-05 11:48:44',0),(664,2,'2024-12-03','10996.00',4,'2024-03-21 14:32:03','2024-11-05 11:48:44',0),(665,2,'2024-12-04','16994.00',6,'2024-03-21 14:32:03','2024-11-05 11:48:44',0),(666,2,'2024-12-05','1999.00',1,'2024-03-21 14:32:03','2024-11-05 11:48:44',0),(667,2,'2024-12-05','44978.00',11,'2024-03-21 14:32:03','2024-11-05 11:48:44',0),(668,2,'2024-12-06','1999.00',1,'2024-03-21 14:32:03','2024-11-05 11:48:44',0),(669,2,'2024-12-07','13994.00',4,'2024-03-21 14:32:03','2024-11-05 11:48:44',0),(670,1,'2024-12-08','10995.00',5,'2024-03-21 14:32:03','2024-11-05 11:48:23',0),(671,1,'2024-12-09','5997.00',3,'2024-03-21 14:32:03','2024-11-05 11:48:23',0),(672,1,'2024-12-10','145927.00',2,'2024-03-21 14:32:03','2024-11-05 11:48:23',0),(673,1,'2024-12-11','9995.00',5,'2024-03-21 14:32:03','2024-11-05 11:48:23',0),(674,1,'2024-12-12','16992.00',6,'2024-03-21 14:32:03','2024-11-05 11:48:23',0),(675,1,'2024-12-13','3998.00',2,'2024-03-21 14:32:03','2024-11-05 11:48:23',0),(676,1,'2024-12-14','148928.00',13,'2024-03-21 14:32:03','2024-11-05 11:48:23',0),(677,1,'2024-12-15','32987.00',6,'2024-03-21 14:32:03','2024-11-05 11:48:23',0),(678,1,'2024-12-16','13993.00',6,'2024-03-21 14:32:03','2024-11-05 11:48:23',0),(679,1,'2024-12-17','56974.00',18,'2024-03-21 14:32:03','2024-11-05 11:48:23',0),(680,1,'2024-12-18','76966.00',11,'2024-03-21 14:32:03','2024-11-05 11:48:23',0),(681,1,'2024-12-19','222896.00',25,'2024-03-21 14:32:03','2024-11-05 11:48:23',0),(682,2,'2024-12-19','1999.00',1,'2024-03-21 14:32:03','2024-11-05 11:48:44',0),(683,1,'2024-12-20','52978.00',8,'2024-03-21 14:32:03','2024-11-05 11:48:23',0),(684,1,'2024-12-21','43979.00',19,'2024-03-21 14:32:03','2024-11-05 11:48:23',0),(685,1,'2024-12-22','27989.00',4,'2024-03-21 14:32:03','2024-11-05 11:48:23',0),(686,1,'2024-12-23','145935.00',7,'2024-03-21 14:32:03','2024-11-05 11:48:23',0),(687,1,'2024-12-24','97956.00',5,'2024-03-21 14:32:03','2024-11-05 11:48:23',0),(688,1,'2024-12-26','85959.00',4,'2024-03-21 14:32:03','2024-11-05 11:48:23',0),(689,1,'2024-12-28','11996.00',1,'2024-03-21 14:32:03','2024-11-05 11:48:23',0),(690,1,'2024-12-29','35988.00',6,'2024-03-21 14:32:03','2024-11-05 11:48:23',0),(691,1,'2024-12-30','15994.00',2,'2024-03-21 14:32:03','2024-11-05 11:48:23',0),(692,1,'2024-12-31','7997.00',1,'2024-03-21 14:32:03','2024-11-05 11:48:23',0),(693,1,'2025-01-01','9995.00',5,'2024-03-21 14:32:03','2024-11-05 11:48:23',0),(694,1,'2025-01-02','3998.00',2,'2024-03-21 14:32:03','2024-11-05 11:48:23',0),(695,1,'2025-01-03','15993.00',6,'2024-03-21 14:32:03','2024-11-05 11:48:23',0),(696,1,'2025-01-04','1999.00',1,'2024-03-21 14:32:03','2024-11-05 11:48:23',0),(697,1,'2025-01-05','12995.00',3,'2024-03-21 14:32:03','2024-11-05 11:48:23',0),(698,1,'2025-01-06','9996.00',3,'2024-03-21 14:32:03','2024-11-05 11:48:23',0),(699,1,'2025-01-07','73969.00',13,'2024-03-21 14:32:03','2024-11-05 11:48:23',0),(700,1,'2025-01-08','1999.00',1,'2024-03-21 14:32:03','2024-11-05 11:48:23',0),(701,1,'2025-01-09','30987.00',2,'2024-03-21 14:32:03','2024-11-05 11:48:23',0),(702,1,'2025-01-10','36986.00',5,'2024-03-21 14:32:03','2024-11-05 11:48:23',0),(703,1,'2025-01-11','1999.00',1,'2024-03-21 14:32:03','2024-11-05 11:48:23',0),(704,1,'2025-01-12','25988.00',2,'2024-03-21 14:32:03','2024-11-05 11:48:23',0),(705,1,'2025-01-14','247893.00',12,'2024-03-21 14:32:03','2024-11-05 11:48:23',0),(706,1,'2025-01-15','4998.00',2,'2024-03-21 14:32:03','2024-11-05 11:48:23',0),(707,1,'2025-01-16','7996.00',4,'2024-03-21 14:32:03','2024-11-05 11:48:23',0),(708,1,'2025-01-17','3998.00',2,'2024-03-21 14:32:03','2024-11-05 11:48:23',0),(709,1,'2025-01-18','42885.01',16,'2024-03-21 14:32:03','2024-11-05 11:48:23',0),(710,2,'2025-01-18','14994.00',1,'2024-03-21 14:32:03','2024-11-05 11:48:44',0),(711,1,'2025-01-19','32986.01',9,'2024-03-21 14:32:03','2024-11-05 11:48:23',0),(712,1,'2025-01-20','1999.00',1,'2024-03-21 14:32:03','2024-11-05 11:48:23',0),(713,1,'2025-01-21','26987.00',3,'2024-03-21 14:32:03','2024-11-05 11:48:23',0),(714,1,'2025-01-22','26987.00',3,'2024-03-21 14:32:03','2024-11-05 11:48:23',0),(715,1,'2025-01-23','1999.00',1,'2024-03-21 14:32:03','2024-11-05 11:48:23',0),(716,1,'2025-01-24','1999.00',1,'2024-03-21 14:32:03','2024-11-05 11:48:23',0),(717,1,'2025-01-26','1999.00',1,'2024-03-21 14:32:03','2024-11-05 11:48:23',0),(718,1,'2025-01-27','1999.00',1,'2024-03-21 14:32:03','2024-11-05 11:48:23',0),(719,1,'2025-01-28','1999.00',1,'2024-03-21 14:32:03','2024-11-05 11:48:23',0),(720,1,'2025-01-29','3998.00',2,'2024-03-21 14:32:03','2024-11-05 11:48:23',0),(721,1,'2025-01-31','3998.00',2,'2024-03-21 14:32:03','2024-11-05 11:48:23',0),(722,1,'2025-02-01','4998.00',2,'2024-03-21 14:32:03','2024-11-05 11:48:23',0),(723,1,'2025-02-03','1999.00',1,'2024-03-21 14:32:03','2024-11-05 11:48:23',0),(724,1,'2025-02-04','45978.00',4,'2024-03-21 14:32:03','2024-11-05 11:48:23',0),(725,1,'2025-02-06','20990.00',1,'2024-03-21 14:32:03','2024-11-05 11:48:23',0),(726,1,'2025-02-07','26987.00',1,'2024-03-21 14:32:03','2024-11-05 11:48:23',0),(727,1,'2025-02-13','1999.00',1,'2024-03-21 14:32:03','2024-11-05 11:48:23',0),(728,1,'2025-02-14','19990.00',5,'2024-03-21 14:32:03','2024-11-05 11:48:23',0),(729,1,'2025-02-16','3998.00',1,'2024-03-21 14:32:03','2024-11-05 11:48:23',0),(730,1,'2025-02-17','11994.00',2,'2024-03-21 14:32:03','2024-11-05 11:48:23',0),(731,1,'2025-02-18','8997.00',1,'2024-03-21 14:32:03','2024-11-05 11:48:23',0),(732,1,'2025-02-20','2999.00',1,'2024-03-21 14:32:03','2024-11-05 11:48:23',0),(733,2,'2025-02-20','2999.00',1,'2024-03-21 14:32:03','2024-11-05 11:48:44',0),(734,2,'2025-02-21','5997.00',3,'2024-03-21 14:32:03','2024-11-05 11:48:44',0),(735,1,'2025-02-21','1999.00',1,'2024-03-21 14:32:03','2024-11-05 11:48:23',0),(736,1,'2025-02-22','17991.00',3,'2024-03-21 14:32:03','2024-11-05 11:48:23',0),(737,1,'2025-02-23','20990.00',4,'2024-03-21 14:32:03','2024-11-05 11:48:23',0),(738,2,'2025-02-24','34984.00',4,'2024-03-21 14:32:03','2024-11-05 11:48:44',0),(739,1,'2025-02-24','10995.00',1,'2024-03-21 14:32:03','2024-11-05 11:48:23',0),(740,1,'2025-02-25','1999.00',1,'2024-03-21 14:32:03','2024-11-05 11:48:23',0),(741,2,'2025-02-25','1999.00',1,'2024-03-21 14:32:03','2024-11-05 11:48:44',0),(742,1,'2025-02-26','74965.00',4,'2024-03-21 14:32:03','2024-11-05 11:48:23',0),(743,1,'2025-02-27','532735.00',12,'2024-03-21 14:32:03','2024-11-05 11:48:23',0),(744,1,'2025-02-28','143930.00',3,'2024-03-21 14:32:03','2024-11-05 11:48:23',0),(745,1,'2025-02-28','1999.00',1,'2024-03-21 14:32:03','2024-11-05 11:48:23',0),(746,1,'2025-03-01','4998.00',2,'2024-03-21 14:32:03','2024-11-05 11:48:23',0),(747,1,'2025-03-05','13994.00',4,'2024-03-21 14:32:03','2024-11-05 11:48:23',0),(748,1,'2025-03-07','27989.00',4,'2024-03-21 14:32:03','2024-11-05 11:48:23',0),(749,2,'2025-03-07','1999.00',1,'2024-03-21 14:32:03','2024-11-05 11:48:44',0),(750,2,'2025-03-07','3998.00',1,'2024-03-21 14:32:03','2024-11-05 11:48:44',0),(751,2,'2025-03-08','1999.00',1,'2024-03-21 14:32:03','2024-11-05 11:48:44',0),(752,1,'2025-03-10','13993.00',2,'2024-03-21 14:32:03','2024-11-05 11:48:23',0),(753,1,'2025-03-11','50978.00',8,'2024-03-21 14:32:03','2024-11-05 11:48:23',0),(754,2,'2025-03-11','1999.00',1,'2024-03-21 14:32:03','2024-11-05 11:48:44',0),(755,1,'2025-03-12','59974.00',12,'2024-03-21 14:32:03','2024-11-05 11:48:23',0),(756,1,'2025-03-13','47980.00',16,'2024-03-21 14:32:03','2024-11-05 11:48:23',0),(757,1,'2025-03-14','13993.00',4,'2024-03-21 14:32:03','2024-11-05 11:48:23',0),(758,1,'2025-03-15','432786.00',7,'2024-03-21 14:32:03','2024-11-05 11:48:23',0),(759,1,'2025-03-17','56972.00',10,'2024-03-21 14:32:03','2024-11-05 11:48:23',0),(760,1,'2025-03-18','253907.00',15,'2024-03-21 14:32:03','2024-11-05 11:48:23',0),(761,1,'2025-03-19','9996.00',1,'2024-03-21 14:32:03','2024-11-05 11:48:23',0),(762,2,'2025-03-19','11995.00',5,'2024-03-21 14:32:03','2024-11-05 11:48:44',0),(995,1,'2025-01-02','3998.00',2,'2024-03-21 14:34:12','2024-11-05 11:48:23',0),(996,1,'2025-01-03','15993.00',6,'2024-03-21 14:34:12','2024-11-05 11:48:23',0),(997,1,'2025-01-04','1999.00',1,'2024-03-21 14:34:12','2024-11-05 11:48:23',0),(998,1,'2025-01-05','12995.00',3,'2024-03-21 14:34:12','2024-11-05 11:48:23',0),(999,1,'2025-01-06','9996.00',3,'2024-03-21 14:34:12','2024-11-05 11:48:23',0),(1000,1,'2025-01-07','73969.00',13,'2024-03-21 14:34:12','2024-11-05 11:48:23',0),(1001,1,'2025-01-08','1999.00',1,'2024-03-21 14:34:12','2024-11-05 11:48:23',0),(1002,1,'2025-01-09','30987.00',2,'2024-03-21 14:34:12','2024-11-05 11:48:23',0),(1003,1,'2025-01-10','36986.00',5,'2024-03-21 14:34:12','2024-11-05 11:48:23',0),(1004,1,'2025-01-11','1999.00',1,'2024-03-21 14:34:12','2024-11-05 11:48:23',0),(1005,1,'2025-01-12','25988.00',2,'2024-03-21 14:34:12','2024-11-05 11:48:23',0),(1006,1,'2025-01-14','247893.00',12,'2024-03-21 14:34:12','2024-11-05 11:48:23',0),(1007,1,'2025-01-15','4998.00',2,'2024-03-21 14:34:12','2024-11-05 11:48:23',0),(1008,1,'2025-01-16','7996.00',4,'2024-03-21 14:34:12','2024-11-05 11:48:23',0),(1009,1,'2025-01-17','3998.00',2,'2024-03-21 14:34:12','2024-11-05 11:48:23',0),(1010,1,'2025-01-18','42885.01',16,'2024-03-21 14:34:12','2024-11-05 11:48:23',0),(1011,2,'2025-01-18','14994.00',1,'2024-03-21 14:34:12','2024-11-05 11:48:44',0),(1012,1,'2025-01-19','32986.01',9,'2024-03-21 14:34:12','2024-11-05 11:48:23',0),(1013,1,'2025-01-20','1999.00',1,'2024-03-21 14:34:12','2024-11-05 11:48:23',0),(1014,1,'2025-01-21','26987.00',3,'2024-03-21 14:34:12','2024-11-05 11:48:23',0),(1015,1,'2025-01-22','26987.00',3,'2024-03-21 14:34:12','2024-11-05 11:48:23',0),(1016,1,'2025-01-23','1999.00',1,'2024-03-21 14:34:12','2024-11-05 11:48:23',0),(1017,1,'2025-01-24','1999.00',1,'2024-03-21 14:34:12','2024-11-05 11:48:23',0),(1018,1,'2025-01-26','1999.00',1,'2024-03-21 14:34:12','2024-11-05 11:48:23',0),(1019,1,'2025-01-27','1999.00',1,'2024-03-21 14:34:12','2024-11-05 11:48:23',0),(1020,1,'2025-01-28','1999.00',1,'2024-03-21 14:34:12','2024-11-05 11:48:23',0),(1021,1,'2025-01-29','3998.00',2,'2024-03-21 14:34:12','2024-11-05 11:48:23',0),(1022,1,'2025-01-31','3998.00',2,'2024-03-21 14:34:12','2024-11-05 11:48:23',0),(1023,1,'2025-02-01','4998.00',2,'2024-03-21 14:34:12','2024-11-05 11:48:23',0),(1024,1,'2025-02-03','1999.00',1,'2024-03-21 14:34:12','2024-11-05 11:48:23',0),(1025,1,'2025-02-04','45978.00',4,'2024-03-21 14:34:12','2024-11-05 11:48:23',0),(1026,1,'2025-02-06','20990.00',1,'2024-03-21 14:34:12','2024-11-05 11:48:23',0),(1027,1,'2025-02-07','26987.00',1,'2024-03-21 14:34:12','2024-11-05 11:48:23',0),(1028,1,'2025-02-13','1999.00',1,'2024-03-21 14:34:12','2024-11-05 11:48:23',0),(1029,1,'2025-02-14','19990.00',5,'2024-03-21 14:34:12','2024-11-05 11:48:23',0),(1030,1,'2025-02-16','3998.00',1,'2024-03-21 14:34:12','2024-11-05 11:48:23',0),(1031,1,'2025-02-17','11994.00',2,'2024-03-21 14:34:12','2024-11-05 11:48:23',0),(1032,1,'2025-02-18','8997.00',1,'2024-03-21 14:34:12','2024-11-05 11:48:23',0),(1033,1,'2025-02-20','2999.00',1,'2024-03-21 14:34:12','2024-11-05 11:48:23',0),(1034,2,'2025-02-20','2999.00',1,'2024-03-21 14:34:12','2024-11-05 11:48:44',0),(1035,2,'2025-02-21','5997.00',3,'2024-03-21 14:34:12','2024-11-05 11:48:44',0),(1036,1,'2025-02-21','1999.00',1,'2024-03-21 14:34:12','2024-11-05 11:48:23',0),(1037,1,'2025-02-22','17991.00',3,'2024-03-21 14:34:12','2024-11-05 11:48:23',0),(1038,1,'2025-02-23','20990.00',4,'2024-03-21 14:34:12','2024-11-05 11:48:23',0),(1039,2,'2025-02-24','34984.00',4,'2024-03-21 14:34:12','2024-11-05 11:48:44',0),(1040,1,'2025-02-24','10995.00',1,'2024-03-21 14:34:12','2024-11-05 11:48:23',0),(1041,1,'2025-02-25','1999.00',1,'2024-03-21 14:34:12','2024-11-05 11:48:23',0),(1042,2,'2025-02-25','1999.00',1,'2024-03-21 14:34:12','2024-11-05 11:48:44',0),(1043,1,'2025-02-26','74965.00',4,'2024-03-21 14:34:12','2024-11-05 11:48:23',0),(1044,1,'2025-02-27','532735.00',12,'2024-03-21 14:34:12','2024-11-05 11:48:23',0),(1045,1,'2025-02-28','143930.00',3,'2024-03-21 14:34:12','2024-11-05 11:48:23',0),(1046,1,'2025-02-28','1999.00',1,'2024-03-21 14:34:12','2024-11-05 11:48:23',0),(1047,1,'2025-03-01','4998.00',2,'2024-03-21 14:34:12','2024-11-05 11:48:23',0),(1048,1,'2025-03-05','13994.00',4,'2024-03-21 14:34:12','2024-11-05 11:48:23',0),(1049,1,'2025-03-07','27989.00',4,'2024-03-21 14:34:12','2024-11-05 11:48:23',0),(1050,2,'2025-03-07','1999.00',1,'2024-03-21 14:34:12','2024-11-05 11:48:44',0),(1051,2,'2025-03-07','3998.00',1,'2024-03-21 14:34:12','2024-11-05 11:48:44',0),(1052,2,'2025-03-08','1999.00',1,'2024-03-21 14:34:12','2024-11-05 11:48:44',0),(1053,1,'2025-03-10','13993.00',2,'2024-03-21 14:34:12','2024-11-05 11:48:23',0),(1054,1,'2025-03-11','50978.00',8,'2024-03-21 14:34:12','2024-11-05 11:48:23',0),(1055,2,'2025-03-11','1999.00',1,'2024-03-21 14:34:12','2024-11-05 11:48:44',0),(1056,1,'2025-03-12','59974.00',12,'2024-03-21 14:34:12','2024-11-05 11:48:23',0),(1057,1,'2025-03-13','47980.00',16,'2024-03-21 14:34:12','2024-11-05 11:48:23',0),(1058,1,'2025-03-14','13993.00',4,'2024-03-21 14:34:12','2024-11-05 11:48:23',0),(1059,1,'2025-03-15','432786.00',7,'2024-03-21 14:34:12','2024-11-05 11:48:23',0),(1060,1,'2025-03-17','56972.00',10,'2024-03-21 14:34:12','2024-11-05 11:48:23',0),(1061,1,'2025-03-18','253907.00',15,'2024-03-21 14:34:12','2024-11-05 11:48:23',0),(1062,1,'2025-03-19','9996.00',1,'2024-03-21 14:34:12','2024-11-05 11:48:23',0),(1063,2,'2025-03-19','11995.00',5,'2024-03-21 14:34:12','2024-11-05 11:48:44',0),(1122,1,'2024-04-02','3998.00',2,'2024-03-21 14:34:59','2024-11-05 11:48:23',0),(1123,1,'2024-04-03','15993.00',6,'2024-03-21 14:34:59','2024-11-05 11:48:23',0),(1124,1,'2024-04-04','1999.00',1,'2024-03-21 14:34:59','2024-11-05 11:48:23',0),(1125,1,'2024-04-05','12995.00',3,'2024-03-21 14:34:59','2024-11-05 11:48:23',0),(1126,1,'2024-04-06','9996.00',3,'2024-03-21 14:34:59','2024-11-05 11:48:23',0),(1127,1,'2024-04-07','73969.00',13,'2024-03-21 14:34:59','2024-11-05 11:48:23',0),(1128,1,'2024-04-08','1999.00',1,'2024-03-21 14:34:59','2024-11-05 11:48:23',0),(1129,1,'2024-04-09','30987.00',2,'2024-03-21 14:34:59','2024-11-05 11:48:23',0),(1130,1,'2024-04-10','36986.00',5,'2024-03-21 14:34:59','2024-11-05 11:48:23',0),(1131,1,'2024-04-11','1999.00',1,'2024-03-21 14:34:59','2024-11-05 11:48:23',0),(1132,1,'2024-04-12','25988.00',2,'2024-03-21 14:34:59','2024-11-05 11:48:23',0),(1133,1,'2024-04-14','247893.00',12,'2024-03-21 14:34:59','2024-11-05 11:48:23',0),(1134,1,'2024-04-15','4998.00',2,'2024-03-21 14:34:59','2024-11-05 11:48:23',0),(1135,1,'2024-04-16','7996.00',4,'2024-03-21 14:34:59','2024-11-05 11:48:23',0),(1136,1,'2024-04-17','3998.00',2,'2024-03-21 14:34:59','2024-11-05 11:48:23',0),(1137,1,'2024-04-18','42885.01',16,'2024-03-21 14:34:59','2024-11-05 11:48:23',0),(1138,2,'2024-04-18','14994.00',1,'2024-03-21 14:34:59','2024-11-05 11:48:44',0),(1139,1,'2024-04-19','32986.01',9,'2024-03-21 14:34:59','2024-11-05 11:48:23',0),(1140,1,'2024-04-20','1999.00',1,'2024-03-21 14:34:59','2024-11-05 11:48:23',0),(1141,1,'2024-04-21','26987.00',3,'2024-03-21 14:34:59','2024-11-05 11:48:23',0),(1142,1,'2024-04-22','26987.00',3,'2024-03-21 14:34:59','2024-11-05 11:48:23',0),(1143,1,'2024-04-23','1999.00',1,'2024-03-21 14:34:59','2024-11-05 11:48:23',0),(1144,1,'2024-04-24','1999.00',1,'2024-03-21 14:34:59','2024-11-05 11:48:23',0),(1145,1,'2024-04-26','1999.00',1,'2024-03-21 14:34:59','2024-11-05 11:48:23',0),(1146,1,'2024-04-27','1999.00',1,'2024-03-21 14:34:59','2024-11-05 11:48:23',0),(1147,1,'2024-04-28','1999.00',1,'2024-03-21 14:34:59','2024-11-05 11:48:23',0),(1148,1,'2024-04-29','3998.00',2,'2024-03-21 14:34:59','2024-11-05 11:48:23',0),(1149,1,'2024-04-30','3998.00',2,'2024-03-21 14:34:59','2024-11-05 11:48:23',0),(1150,1,'2024-05-01','4998.00',2,'2024-03-21 14:34:59','2024-11-05 11:48:23',0),(1151,1,'2024-05-03','1999.00',1,'2024-03-21 14:34:59','2024-11-05 11:48:23',0),(1152,1,'2024-05-04','45978.00',4,'2024-03-21 14:34:59','2024-11-05 11:48:23',0),(1153,1,'2024-05-06','20990.00',1,'2024-03-21 14:34:59','2024-11-05 11:48:23',0),(1154,1,'2024-05-07','26987.00',1,'2024-03-21 14:34:59','2024-11-05 11:48:23',0),(1155,1,'2024-05-13','1999.00',1,'2024-03-21 14:34:59','2024-11-05 11:48:23',0),(1156,1,'2024-05-14','19990.00',5,'2024-03-21 14:34:59','2024-11-05 11:48:23',0),(1157,1,'2024-05-16','3998.00',1,'2024-03-21 14:34:59','2024-11-05 11:48:23',0),(1158,1,'2024-05-17','11994.00',2,'2024-03-21 14:34:59','2024-11-05 11:48:23',0),(1159,1,'2024-05-18','8997.00',1,'2024-03-21 14:34:59','2024-11-05 11:48:23',0),(1160,1,'2024-05-20','2999.00',1,'2024-03-21 14:34:59','2024-11-05 11:48:23',0),(1161,2,'2024-05-20','2999.00',1,'2024-03-21 14:34:59','2024-11-05 11:48:44',0),(1162,2,'2024-05-21','5997.00',3,'2024-03-21 14:34:59','2024-11-05 11:48:44',0),(1163,1,'2024-05-21','1999.00',1,'2024-03-21 14:34:59','2024-11-05 11:48:23',0),(1164,1,'2024-05-22','17991.00',3,'2024-03-21 14:34:59','2024-11-05 11:48:23',0),(1165,1,'2024-05-23','20990.00',4,'2024-03-21 14:34:59','2024-11-05 11:48:23',0),(1166,2,'2024-05-24','34984.00',4,'2024-03-21 14:34:59','2024-11-05 11:48:44',0),(1167,1,'2024-05-24','10995.00',1,'2024-03-21 14:34:59','2024-11-05 11:48:23',0),(1168,1,'2024-05-25','1999.00',1,'2024-03-21 14:34:59','2024-11-05 11:48:23',0),(1169,2,'2024-05-25','1999.00',1,'2024-03-21 14:34:59','2024-11-05 11:48:44',0),(1170,1,'2024-05-26','74965.00',4,'2024-03-21 14:34:59','2024-11-05 11:48:23',0),(1171,1,'2024-05-27','532735.00',12,'2024-03-21 14:34:59','2024-11-05 11:48:23',0),(1172,1,'2024-05-28','143930.00',3,'2024-03-21 14:34:59','2024-11-05 11:48:23',0),(1173,1,'2024-05-29','1999.00',1,'2024-03-21 14:34:59','2024-11-05 11:48:23',0),(1174,1,'2024-06-01','4998.00',2,'2024-03-21 14:34:59','2024-11-05 11:48:23',0),(1175,1,'2024-06-05','13994.00',4,'2024-03-21 14:34:59','2024-11-05 11:48:23',0),(1176,1,'2024-06-07','27989.00',4,'2024-03-21 14:34:59','2024-11-05 11:48:23',0),(1177,2,'2024-06-07','1999.00',1,'2024-03-21 14:34:59','2024-11-05 11:48:44',0),(1178,2,'2024-06-07','3998.00',1,'2024-03-21 14:34:59','2024-11-05 11:48:44',0),(1179,2,'2024-06-08','1999.00',1,'2024-03-21 14:34:59','2024-11-05 11:48:44',0),(1180,1,'2024-06-10','13993.00',2,'2024-03-21 14:34:59','2024-11-05 11:48:23',0),(1181,1,'2024-06-11','50978.00',8,'2024-03-21 14:34:59','2024-11-05 11:48:23',0),(1182,2,'2024-06-11','1999.00',1,'2024-03-21 14:34:59','2024-11-05 11:48:44',0),(1183,1,'2024-06-12','59974.00',12,'2024-03-21 14:34:59','2024-11-05 11:48:23',0),(1184,1,'2024-06-13','47980.00',16,'2024-03-21 14:34:59','2024-11-05 11:48:23',0),(1185,1,'2024-06-14','13993.00',4,'2024-03-21 14:34:59','2024-11-05 11:48:23',0),(1186,1,'2024-06-15','432786.00',7,'2024-03-21 14:34:59','2024-11-05 11:48:23',0),(1187,1,'2024-06-17','56972.00',10,'2024-03-21 14:34:59','2024-11-05 11:48:23',0),(1188,1,'2024-06-18','253907.00',15,'2024-03-21 14:34:59','2024-11-05 11:48:23',0),(1189,1,'2024-06-19','9996.00',1,'2024-03-21 14:34:59','2024-11-05 11:48:23',0),(1190,2,'2024-06-19','11995.00',5,'2024-03-21 14:34:59','2024-11-05 11:48:44',0);

/*!40101 SET SQL_MODE=@OLD_SQL_MODE */;
/*!40014 SET FOREIGN_KEY_CHECKS=@OLD_FOREIGN_KEY_CHECKS */;
/*!40014 SET UNIQUE_CHECKS=@OLD_UNIQUE_CHECKS */;
/*!40111 SET SQL_NOTES=@OLD_SQL_NOTES */;
