/*
SQLyog Ultimate - MySQL GUI v8.2 
MySQL - 8.0.30 : Database - share-system
*********************************************************************
*/

/*!40101 SET NAMES utf8 */;

/*!40101 SET SQL_MODE=''*/;

/*!40014 SET @OLD_UNIQUE_CHECKS=@@UNIQUE_CHECKS, UNIQUE_CHECKS=0 */;
/*!40014 SET @OLD_FOREIGN_KEY_CHECKS=@@FOREIGN_KEY_CHECKS, FOREIGN_KEY_CHECKS=0 */;
/*!40101 SET @OLD_SQL_MODE=@@SQL_MODE, SQL_MODE='NO_AUTO_VALUE_ON_ZERO' */;
/*!40111 SET @OLD_SQL_NOTES=@@SQL_NOTES, SQL_NOTES=0 */;
CREATE DATABASE /*!32312 IF NOT EXISTS*/`share-system` /*!40100 DEFAULT CHARACTER SET utf8mb3 */ /*!80016 DEFAULT ENCRYPTION='N' */;

USE `share-system`;

/*Table structure for table `gen_table` */

DROP TABLE IF EXISTS `gen_table`;

CREATE TABLE `gen_table` (
  `table_id` bigint NOT NULL AUTO_INCREMENT COMMENT '编号',
  `table_name` varchar(200) DEFAULT '' COMMENT '表名称',
  `table_comment` varchar(500) DEFAULT '' COMMENT '表描述',
  `sub_table_name` varchar(64) DEFAULT NULL COMMENT '关联子表的表名',
  `sub_table_fk_name` varchar(64) DEFAULT NULL COMMENT '子表关联的外键名',
  `class_name` varchar(100) DEFAULT '' COMMENT '实体类名称',
  `tpl_category` varchar(200) DEFAULT 'crud' COMMENT '使用的模板（crud单表操作 tree树表操作）',
  `tpl_web_type` varchar(30) DEFAULT '' COMMENT '前端模板类型（element-ui模版 element-plus模版）',
  `package_name` varchar(100) DEFAULT NULL COMMENT '生成包路径',
  `module_name` varchar(30) DEFAULT NULL COMMENT '生成模块名',
  `business_name` varchar(30) DEFAULT NULL COMMENT '生成业务名',
  `function_name` varchar(50) DEFAULT NULL COMMENT '生成功能名',
  `function_author` varchar(50) DEFAULT NULL COMMENT '生成功能作者',
  `gen_type` char(1) DEFAULT '0' COMMENT '生成代码方式（0zip压缩包 1自定义路径）',
  `gen_path` varchar(200) DEFAULT '/' COMMENT '生成路径（不填默认项目路径）',
  `options` varchar(1000) DEFAULT NULL COMMENT '其它生成选项',
  `create_by` varchar(64) DEFAULT '' COMMENT '创建者',
  `create_time` datetime DEFAULT NULL COMMENT '创建时间',
  `update_by` varchar(64) DEFAULT '' COMMENT '更新者',
  `update_time` datetime DEFAULT NULL COMMENT '更新时间',
  `remark` varchar(500) DEFAULT NULL COMMENT '备注',
  PRIMARY KEY (`table_id`)
) ENGINE=InnoDB DEFAULT CHARSET=utf8mb4 COLLATE=utf8mb4_0900_ai_ci COMMENT='代码生成业务表';

/*Data for the table `gen_table` */

/*Table structure for table `gen_table_column` */

DROP TABLE IF EXISTS `gen_table_column`;

CREATE TABLE `gen_table_column` (
  `column_id` bigint NOT NULL AUTO_INCREMENT COMMENT '编号',
  `table_id` bigint DEFAULT NULL COMMENT '归属表编号',
  `column_name` varchar(200) DEFAULT NULL COMMENT '列名称',
  `column_comment` varchar(500) DEFAULT NULL COMMENT '列描述',
  `column_type` varchar(100) DEFAULT NULL COMMENT '列类型',
  `java_type` varchar(500) DEFAULT NULL COMMENT 'JAVA类型',
  `java_field` varchar(200) DEFAULT NULL COMMENT 'JAVA字段名',
  `is_pk` char(1) DEFAULT NULL COMMENT '是否主键（1是）',
  `is_increment` char(1) DEFAULT NULL COMMENT '是否自增（1是）',
  `is_required` char(1) DEFAULT NULL COMMENT '是否必填（1是）',
  `is_insert` char(1) DEFAULT NULL COMMENT '是否为插入字段（1是）',
  `is_edit` char(1) DEFAULT NULL COMMENT '是否编辑字段（1是）',
  `is_list` char(1) DEFAULT NULL COMMENT '是否列表字段（1是）',
  `is_query` char(1) DEFAULT NULL COMMENT '是否查询字段（1是）',
  `query_type` varchar(200) DEFAULT 'EQ' COMMENT '查询方式（等于、不等于、大于、小于、范围）',
  `html_type` varchar(200) DEFAULT NULL COMMENT '显示类型（文本框、文本域、下拉框、复选框、单选框、日期控件）',
  `dict_type` varchar(200) DEFAULT '' COMMENT '字典类型',
  `sort` int DEFAULT NULL COMMENT '排序',
  `create_by` varchar(64) DEFAULT '' COMMENT '创建者',
  `create_time` datetime DEFAULT NULL COMMENT '创建时间',
  `update_by` varchar(64) DEFAULT '' COMMENT '更新者',
  `update_time` datetime DEFAULT NULL COMMENT '更新时间',
  PRIMARY KEY (`column_id`)
) ENGINE=InnoDB DEFAULT CHARSET=utf8mb4 COLLATE=utf8mb4_0900_ai_ci COMMENT='代码生成业务表字段';

/*Data for the table `gen_table_column` */

/*Table structure for table `sys_config` */

DROP TABLE IF EXISTS `sys_config`;

CREATE TABLE `sys_config` (
  `config_id` int NOT NULL AUTO_INCREMENT COMMENT '参数主键',
  `config_name` varchar(100) DEFAULT '' COMMENT '参数名称',
  `config_key` varchar(100) DEFAULT '' COMMENT '参数键名',
  `config_value` varchar(500) DEFAULT '' COMMENT '参数键值',
  `config_type` char(1) DEFAULT 'N' COMMENT '系统内置（Y是 N否）',
  `create_by` varchar(64) DEFAULT '' COMMENT '创建者',
  `create_time` datetime DEFAULT NULL COMMENT '创建时间',
  `update_by` varchar(64) DEFAULT '' COMMENT '更新者',
  `update_time` datetime DEFAULT NULL COMMENT '更新时间',
  `remark` varchar(500) DEFAULT NULL COMMENT '备注',
  PRIMARY KEY (`config_id`)
) ENGINE=InnoDB AUTO_INCREMENT=100 DEFAULT CHARSET=utf8mb4 COLLATE=utf8mb4_0900_ai_ci COMMENT='参数配置表';

/*Data for the table `sys_config` */

insert  into `sys_config`(`config_id`,`config_name`,`config_key`,`config_value`,`config_type`,`create_by`,`create_time`,`update_by`,`update_time`,`remark`) values (1,'主框架页-默认皮肤样式名称','sys.index.skinName','skin-blue','Y','admin','2024-10-22 10:40:28','',NULL,'蓝色 skin-blue、绿色 skin-green、紫色 skin-purple、红色 skin-red、黄色 skin-yellow'),(2,'用户管理-账号初始密码','sys.user.initPassword','123456','Y','admin','2024-10-22 10:40:28','',NULL,'初始化密码 123456'),(3,'主框架页-侧边栏主题','sys.index.sideTheme','theme-dark','Y','admin','2024-10-22 10:40:28','',NULL,'深色主题theme-dark，浅色主题theme-light'),(4,'账号自助-是否开启用户注册功能','sys.account.registerUser','false','Y','admin','2024-10-22 10:40:28','',NULL,'是否开启注册用户功能（true开启，false关闭）'),(5,'用户登录-黑名单列表','sys.login.blackIPList','','Y','admin','2024-10-22 10:40:28','',NULL,'设置登录IP黑名单限制，多个匹配项以;分隔，支持匹配（*通配、网段）');

/*Table structure for table `sys_dept` */

DROP TABLE IF EXISTS `sys_dept`;

CREATE TABLE `sys_dept` (
  `dept_id` bigint NOT NULL AUTO_INCREMENT COMMENT '部门id',
  `parent_id` bigint DEFAULT '0' COMMENT '父部门id',
  `ancestors` varchar(50) DEFAULT '' COMMENT '祖级列表',
  `dept_name` varchar(30) DEFAULT '' COMMENT '部门名称',
  `order_num` int DEFAULT '0' COMMENT '显示顺序',
  `leader` varchar(20) DEFAULT NULL COMMENT '负责人',
  `phone` varchar(11) DEFAULT NULL COMMENT '联系电话',
  `email` varchar(50) DEFAULT NULL COMMENT '邮箱',
  `status` char(1) DEFAULT '0' COMMENT '部门状态（0正常 1停用）',
  `del_flag` char(1) DEFAULT '0' COMMENT '删除标志（0代表存在 2代表删除）',
  `create_by` varchar(64) DEFAULT '' COMMENT '创建者',
  `create_time` datetime DEFAULT NULL COMMENT '创建时间',
  `update_by` varchar(64) DEFAULT '' COMMENT '更新者',
  `update_time` datetime DEFAULT NULL COMMENT '更新时间',
  PRIMARY KEY (`dept_id`)
) ENGINE=InnoDB AUTO_INCREMENT=200 DEFAULT CHARSET=utf8mb4 COLLATE=utf8mb4_0900_ai_ci COMMENT='部门表';

/*Data for the table `sys_dept` */

insert  into `sys_dept`(`dept_id`,`parent_id`,`ancestors`,`dept_name`,`order_num`,`leader`,`phone`,`email`,`status`,`del_flag`,`create_by`,`create_time`,`update_by`,`update_time`) values (100,0,'0','若依科技',0,'若依','15888888888','ry@qq.com','0','0','admin','2024-10-22 10:40:27','',NULL),(101,100,'0,100','深圳总公司',1,'若依','15888888888','ry@qq.com','0','0','admin','2024-10-22 10:40:27','',NULL),(102,100,'0,100','长沙分公司',2,'若依','15888888888','ry@qq.com','0','0','admin','2024-10-22 10:40:27','',NULL),(103,101,'0,100,101','研发部门',1,'若依','15888888888','ry@qq.com','0','0','admin','2024-10-22 10:40:27','',NULL),(104,101,'0,100,101','市场部门',2,'若依','15888888888','ry@qq.com','0','0','admin','2024-10-22 10:40:27','',NULL),(105,101,'0,100,101','测试部门',3,'若依','15888888888','ry@qq.com','0','0','admin','2024-10-22 10:40:27','',NULL),(106,101,'0,100,101','财务部门',4,'若依','15888888888','ry@qq.com','0','0','admin','2024-10-22 10:40:27','',NULL),(107,101,'0,100,101','运维部门',5,'若依','15888888888','ry@qq.com','0','0','admin','2024-10-22 10:40:27','',NULL),(108,102,'0,100,102','市场部门',1,'若依','15888888888','ry@qq.com','0','0','admin','2024-10-22 10:40:27','',NULL),(109,102,'0,100,102','财务部门',2,'若依','15888888888','ry@qq.com','0','0','admin','2024-10-22 10:40:27','',NULL);

/*Table structure for table `sys_dict_data` */

DROP TABLE IF EXISTS `sys_dict_data`;

CREATE TABLE `sys_dict_data` (
  `dict_code` bigint NOT NULL AUTO_INCREMENT COMMENT '字典编码',
  `dict_sort` int DEFAULT '0' COMMENT '字典排序',
  `dict_label` varchar(100) DEFAULT '' COMMENT '字典标签',
  `dict_value` varchar(100) DEFAULT '' COMMENT '字典键值',
  `dict_type` varchar(100) DEFAULT '' COMMENT '字典类型',
  `css_class` varchar(100) DEFAULT NULL COMMENT '样式属性（其他样式扩展）',
  `list_class` varchar(100) DEFAULT NULL COMMENT '表格回显样式',
  `is_default` char(1) DEFAULT 'N' COMMENT '是否默认（Y是 N否）',
  `status` char(1) DEFAULT '0' COMMENT '状态（0正常 1停用）',
  `create_by` varchar(64) DEFAULT '' COMMENT '创建者',
  `create_time` datetime DEFAULT NULL COMMENT '创建时间',
  `update_by` varchar(64) DEFAULT '' COMMENT '更新者',
  `update_time` datetime DEFAULT NULL COMMENT '更新时间',
  `remark` varchar(500) DEFAULT NULL COMMENT '备注',
  PRIMARY KEY (`dict_code`)
) ENGINE=InnoDB AUTO_INCREMENT=100 DEFAULT CHARSET=utf8mb4 COLLATE=utf8mb4_0900_ai_ci COMMENT='字典数据表';

/*Data for the table `sys_dict_data` */

insert  into `sys_dict_data`(`dict_code`,`dict_sort`,`dict_label`,`dict_value`,`dict_type`,`css_class`,`list_class`,`is_default`,`status`,`create_by`,`create_time`,`update_by`,`update_time`,`remark`) values (1,1,'男','0','sys_user_sex','','','Y','0','admin','2024-10-22 10:40:28','',NULL,'性别男'),(2,2,'女','1','sys_user_sex','','','N','0','admin','2024-10-22 10:40:28','',NULL,'性别女'),(3,3,'未知','2','sys_user_sex','','','N','0','admin','2024-10-22 10:40:28','',NULL,'性别未知'),(4,1,'显示','0','sys_show_hide','','primary','Y','0','admin','2024-10-22 10:40:28','',NULL,'显示菜单'),(5,2,'隐藏','1','sys_show_hide','','danger','N','0','admin','2024-10-22 10:40:28','',NULL,'隐藏菜单'),(6,1,'正常','0','sys_normal_disable','','primary','Y','0','admin','2024-10-22 10:40:28','',NULL,'正常状态'),(7,2,'停用','1','sys_normal_disable','','danger','N','0','admin','2024-10-22 10:40:28','',NULL,'停用状态'),(8,1,'正常','0','sys_job_status','','primary','Y','0','admin','2024-10-22 10:40:28','',NULL,'正常状态'),(9,2,'暂停','1','sys_job_status','','danger','N','0','admin','2024-10-22 10:40:28','',NULL,'停用状态'),(10,1,'默认','DEFAULT','sys_job_group','','','Y','0','admin','2024-10-22 10:40:28','',NULL,'默认分组'),(11,2,'系统','SYSTEM','sys_job_group','','','N','0','admin','2024-10-22 10:40:28','',NULL,'系统分组'),(12,1,'是','Y','sys_yes_no','','primary','Y','0','admin','2024-10-22 10:40:28','',NULL,'系统默认是'),(13,2,'否','N','sys_yes_no','','danger','N','0','admin','2024-10-22 10:40:28','',NULL,'系统默认否'),(14,1,'通知','1','sys_notice_type','','warning','Y','0','admin','2024-10-22 10:40:28','',NULL,'通知'),(15,2,'公告','2','sys_notice_type','','success','N','0','admin','2024-10-22 10:40:28','',NULL,'公告'),(16,1,'正常','0','sys_notice_status','','primary','Y','0','admin','2024-10-22 10:40:28','',NULL,'正常状态'),(17,2,'关闭','1','sys_notice_status','','danger','N','0','admin','2024-10-22 10:40:28','',NULL,'关闭状态'),(18,99,'其他','0','sys_oper_type','','info','N','0','admin','2024-10-22 10:40:28','',NULL,'其他操作'),(19,1,'新增','1','sys_oper_type','','info','N','0','admin','2024-10-22 10:40:28','',NULL,'新增操作'),(20,2,'修改','2','sys_oper_type','','info','N','0','admin','2024-10-22 10:40:28','',NULL,'修改操作'),(21,3,'删除','3','sys_oper_type','','danger','N','0','admin','2024-10-22 10:40:28','',NULL,'删除操作'),(22,4,'授权','4','sys_oper_type','','primary','N','0','admin','2024-10-22 10:40:28','',NULL,'授权操作'),(23,5,'导出','5','sys_oper_type','','warning','N','0','admin','2024-10-22 10:40:28','',NULL,'导出操作'),(24,6,'导入','6','sys_oper_type','','warning','N','0','admin','2024-10-22 10:40:28','',NULL,'导入操作'),(25,7,'强退','7','sys_oper_type','','danger','N','0','admin','2024-10-22 10:40:28','',NULL,'强退操作'),(26,8,'生成代码','8','sys_oper_type','','warning','N','0','admin','2024-10-22 10:40:28','',NULL,'生成操作'),(27,9,'清空数据','9','sys_oper_type','','danger','N','0','admin','2024-10-22 10:40:28','',NULL,'清空操作'),(28,1,'成功','0','sys_common_status','','primary','N','0','admin','2024-10-22 10:40:28','',NULL,'正常状态'),(29,2,'失败','1','sys_common_status','','danger','N','0','admin','2024-10-22 10:40:28','',NULL,'停用状态');

/*Table structure for table `sys_dict_type` */

DROP TABLE IF EXISTS `sys_dict_type`;

CREATE TABLE `sys_dict_type` (
  `dict_id` bigint NOT NULL AUTO_INCREMENT COMMENT '字典主键',
  `dict_name` varchar(100) DEFAULT '' COMMENT '字典名称',
  `dict_type` varchar(100) DEFAULT '' COMMENT '字典类型',
  `status` char(1) DEFAULT '0' COMMENT '状态（0正常 1停用）',
  `create_by` varchar(64) DEFAULT '' COMMENT '创建者',
  `create_time` datetime DEFAULT NULL COMMENT '创建时间',
  `update_by` varchar(64) DEFAULT '' COMMENT '更新者',
  `update_time` datetime DEFAULT NULL COMMENT '更新时间',
  `remark` varchar(500) DEFAULT NULL COMMENT '备注',
  PRIMARY KEY (`dict_id`),
  UNIQUE KEY `dict_type` (`dict_type`)
) ENGINE=InnoDB AUTO_INCREMENT=100 DEFAULT CHARSET=utf8mb4 COLLATE=utf8mb4_0900_ai_ci COMMENT='字典类型表';

/*Data for the table `sys_dict_type` */

insert  into `sys_dict_type`(`dict_id`,`dict_name`,`dict_type`,`status`,`create_by`,`create_time`,`update_by`,`update_time`,`remark`) values (1,'用户性别','sys_user_sex','0','admin','2024-10-22 10:40:28','',NULL,'用户性别列表'),(2,'菜单状态','sys_show_hide','0','admin','2024-10-22 10:40:28','',NULL,'菜单状态列表'),(3,'系统开关','sys_normal_disable','0','admin','2024-10-22 10:40:28','',NULL,'系统开关列表'),(4,'任务状态','sys_job_status','0','admin','2024-10-22 10:40:28','',NULL,'任务状态列表'),(5,'任务分组','sys_job_group','0','admin','2024-10-22 10:40:28','',NULL,'任务分组列表'),(6,'系统是否','sys_yes_no','0','admin','2024-10-22 10:40:28','',NULL,'系统是否列表'),(7,'通知类型','sys_notice_type','0','admin','2024-10-22 10:40:28','',NULL,'通知类型列表'),(8,'通知状态','sys_notice_status','0','admin','2024-10-22 10:40:28','',NULL,'通知状态列表'),(9,'操作类型','sys_oper_type','0','admin','2024-10-22 10:40:28','',NULL,'操作类型列表'),(10,'系统状态','sys_common_status','0','admin','2024-10-22 10:40:28','',NULL,'登录状态列表');

/*Table structure for table `sys_job` */

DROP TABLE IF EXISTS `sys_job`;

CREATE TABLE `sys_job` (
  `job_id` bigint NOT NULL AUTO_INCREMENT COMMENT '任务ID',
  `job_name` varchar(64) NOT NULL DEFAULT '' COMMENT '任务名称',
  `job_group` varchar(64) NOT NULL DEFAULT 'DEFAULT' COMMENT '任务组名',
  `invoke_target` varchar(500) NOT NULL COMMENT '调用目标字符串',
  `cron_expression` varchar(255) DEFAULT '' COMMENT 'cron执行表达式',
  `misfire_policy` varchar(20) DEFAULT '3' COMMENT '计划执行错误策略（1立即执行 2执行一次 3放弃执行）',
  `concurrent` char(1) DEFAULT '1' COMMENT '是否并发执行（0允许 1禁止）',
  `status` char(1) DEFAULT '0' COMMENT '状态（0正常 1暂停）',
  `create_by` varchar(64) DEFAULT '' COMMENT '创建者',
  `create_time` datetime DEFAULT NULL COMMENT '创建时间',
  `update_by` varchar(64) DEFAULT '' COMMENT '更新者',
  `update_time` datetime DEFAULT NULL COMMENT '更新时间',
  `remark` varchar(500) DEFAULT '' COMMENT '备注信息',
  PRIMARY KEY (`job_id`,`job_name`,`job_group`)
) ENGINE=InnoDB AUTO_INCREMENT=100 DEFAULT CHARSET=utf8mb4 COLLATE=utf8mb4_0900_ai_ci COMMENT='定时任务调度表';

/*Data for the table `sys_job` */

insert  into `sys_job`(`job_id`,`job_name`,`job_group`,`invoke_target`,`cron_expression`,`misfire_policy`,`concurrent`,`status`,`create_by`,`create_time`,`update_by`,`update_time`,`remark`) values (1,'系统默认（无参）','DEFAULT','ryTask.ryNoParams','0/10 * * * * ?','3','1','1','admin','2024-10-22 10:40:28','',NULL,''),(2,'系统默认（有参）','DEFAULT','ryTask.ryParams(\'ry\')','0/15 * * * * ?','3','1','1','admin','2024-10-22 10:40:28','',NULL,''),(3,'系统默认（多参）','DEFAULT','ryTask.ryMultipleParams(\'ry\', true, 2000L, 316.50D, 100)','0/20 * * * * ?','3','1','1','admin','2024-10-22 10:40:28','',NULL,'');

/*Table structure for table `sys_job_log` */

DROP TABLE IF EXISTS `sys_job_log`;

CREATE TABLE `sys_job_log` (
  `job_log_id` bigint NOT NULL AUTO_INCREMENT COMMENT '任务日志ID',
  `job_name` varchar(64) NOT NULL COMMENT '任务名称',
  `job_group` varchar(64) NOT NULL COMMENT '任务组名',
  `invoke_target` varchar(500) NOT NULL COMMENT '调用目标字符串',
  `job_message` varchar(500) DEFAULT NULL COMMENT '日志信息',
  `status` char(1) DEFAULT '0' COMMENT '执行状态（0正常 1失败）',
  `exception_info` varchar(2000) DEFAULT '' COMMENT '异常信息',
  `create_time` datetime DEFAULT NULL COMMENT '创建时间',
  PRIMARY KEY (`job_log_id`)
) ENGINE=InnoDB DEFAULT CHARSET=utf8mb4 COLLATE=utf8mb4_0900_ai_ci COMMENT='定时任务调度日志表';

/*Data for the table `sys_job_log` */

/*Table structure for table `sys_logininfor` */

DROP TABLE IF EXISTS `sys_logininfor`;

CREATE TABLE `sys_logininfor` (
  `info_id` bigint NOT NULL AUTO_INCREMENT COMMENT '访问ID',
  `user_name` varchar(50) DEFAULT '' COMMENT '用户账号',
  `ipaddr` varchar(128) DEFAULT '' COMMENT '登录IP地址',
  `status` char(1) DEFAULT '0' COMMENT '登录状态（0成功 1失败）',
  `msg` varchar(255) DEFAULT '' COMMENT '提示信息',
  `access_time` datetime DEFAULT NULL COMMENT '访问时间',
  PRIMARY KEY (`info_id`),
  KEY `idx_sys_logininfor_s` (`status`),
  KEY `idx_sys_logininfor_lt` (`access_time`)
) ENGINE=InnoDB AUTO_INCREMENT=315 DEFAULT CHARSET=utf8mb4 COLLATE=utf8mb4_0900_ai_ci COMMENT='系统访问记录';

/*Data for the table `sys_logininfor` */

insert  into `sys_logininfor`(`info_id`,`user_name`,`ipaddr`,`status`,`msg`,`access_time`) values (100,'admin','127.0.0.1','0','登录成功','2024-10-22 14:51:55'),(101,'admin','127.0.0.1','0','退出成功','2024-10-22 16:43:27'),(102,'admin','127.0.0.1','0','退出成功','2024-10-22 16:43:54'),(103,'admin','127.0.0.1','0','登录成功','2024-10-22 16:44:02'),(104,'admin','127.0.0.1','0','登录成功','2024-10-23 08:53:41'),(105,'admin','127.0.0.1','0','退出成功','2024-10-23 09:18:29'),(106,'admin','127.0.0.1','0','退出成功','2024-10-23 09:18:30'),(107,'admin','127.0.0.1','0','登录成功','2024-10-23 09:18:33'),(108,'admin','127.0.0.1','0','退出成功','2024-10-23 09:31:14'),(109,'admin','127.0.0.1','1','登录用户不存在','2024-10-23 09:35:55'),(110,'admin','127.0.0.1','0','登录成功','2024-10-23 09:38:24'),(111,'admin','127.0.0.1','0','退出成功','2024-10-23 09:53:16'),(112,'admin','127.0.0.1','0','登录成功','2024-10-23 09:53:46'),(113,'admin','127.0.0.1','0','退出成功','2024-10-23 10:01:06'),(114,'admin','127.0.0.1','0','退出成功','2024-10-23 10:01:14'),(115,'admin','127.0.0.1','0','登录成功','2024-10-23 10:01:34'),(116,'admin','127.0.0.1','0','退出成功','2024-10-23 11:36:52'),(117,'admin','127.0.0.1','0','登录成功','2024-10-23 11:37:29'),(118,'admin','127.0.0.1','0','退出成功','2024-10-23 13:51:44'),(119,'admin','127.0.0.1','0','退出成功','2024-10-23 13:55:28'),(120,'admin','127.0.0.1','0','登录成功','2024-10-23 13:55:35'),(121,'admin','127.0.0.1','0','退出成功','2024-10-23 14:41:57'),(122,'admin','127.0.0.1','0','退出成功','2024-10-23 14:42:01'),(123,'admin','127.0.0.1','0','登录成功','2024-10-23 14:42:12'),(124,'admin','127.0.0.1','0','登录成功','2024-10-24 08:45:57'),(125,'admin','127.0.0.1','0','退出成功','2024-10-24 09:37:56'),(126,'admin','127.0.0.1','0','登录成功','2024-10-24 09:37:59'),(127,'admin','127.0.0.1','0','退出成功','2024-10-24 10:19:04'),(128,'admin','127.0.0.1','0','登录成功','2024-10-24 10:19:22'),(129,'admin','127.0.0.1','0','退出成功','2024-10-24 10:32:32'),(130,'admin','127.0.0.1','0','退出成功','2024-10-24 10:32:33'),(131,'admin','127.0.0.1','0','登录成功','2024-10-24 10:32:36'),(132,'admin','127.0.0.1','0','退出成功','2024-10-24 10:56:08'),(133,'admin','127.0.0.1','0','退出成功','2024-10-24 10:56:13'),(134,'admin','127.0.0.1','0','登录成功','2024-10-24 10:56:17'),(135,'admin','127.0.0.1','0','退出成功','2024-10-24 11:03:26'),(136,'admin','127.0.0.1','0','退出成功','2024-10-24 11:03:27'),(137,'admin','127.0.0.1','0','登录成功','2024-10-24 11:03:31'),(138,'admin','127.0.0.1','0','退出成功','2024-10-24 13:47:55'),(139,'admin','127.0.0.1','0','登录成功','2024-10-24 13:58:51'),(140,'admin','127.0.0.1','0','退出成功','2024-10-24 14:29:19'),(141,'admin','127.0.0.1','0','登录成功','2024-10-24 14:29:26'),(142,'admin','127.0.0.1','0','登录成功','2024-10-25 09:38:37'),(143,'admin','127.0.0.1','0','退出成功','2024-10-25 09:45:23'),(144,'admin','127.0.0.1','0','登录成功','2024-10-25 09:45:28'),(145,'admin','127.0.0.1','0','退出成功','2024-10-25 10:38:08'),(146,'admin','127.0.0.1','0','登录成功','2024-10-25 10:38:13'),(147,'admin','127.0.0.1','0','退出成功','2024-10-25 10:52:42'),(148,'admin','127.0.0.1','0','登录成功','2024-10-25 10:52:46'),(149,'admin','127.0.0.1','0','退出成功','2024-10-25 11:25:37'),(150,'admin','127.0.0.1','0','退出成功','2024-10-25 11:25:41'),(151,'admin','127.0.0.1','0','登录成功','2024-10-25 11:25:47'),(152,'admin','127.0.0.1','0','退出成功','2024-10-25 13:48:55'),(153,'admin','127.0.0.1','0','退出成功','2024-10-25 13:48:59'),(154,'admin','127.0.0.1','0','登录成功','2024-10-25 13:49:03'),(155,'admin','127.0.0.1','0','退出成功','2024-10-25 14:39:58'),(156,'admin','127.0.0.1','0','登录成功','2024-10-25 14:40:02'),(157,'admin','127.0.0.1','0','退出成功','2024-10-25 15:30:11'),(158,'admin','127.0.0.1','0','登录成功','2024-10-25 15:30:19'),(159,'admin','127.0.0.1','0','退出成功','2024-10-25 16:06:04'),(160,'admin','127.0.0.1','0','登录成功','2024-10-25 16:06:13'),(161,'admin','127.0.0.1','0','退出成功','2024-10-25 17:01:10'),(162,'admin','127.0.0.1','0','登录成功','2024-10-25 17:04:07'),(163,'admin','127.0.0.1','0','退出成功','2024-10-25 17:24:16'),(164,'admin','127.0.0.1','0','登录成功','2024-10-28 08:50:26'),(165,'admin','127.0.0.1','0','退出成功','2024-10-28 09:11:35'),(166,'admin','127.0.0.1','0','登录成功','2024-10-28 09:11:40'),(167,'admin','127.0.0.1','0','退出成功','2024-10-28 09:49:56'),(168,'admin','127.0.0.1','0','退出成功','2024-10-28 09:50:02'),(169,'admin','127.0.0.1','0','登录成功','2024-10-28 09:50:07'),(170,'admin','127.0.0.1','0','退出成功','2024-10-28 10:21:55'),(171,'admin','127.0.0.1','0','退出成功','2024-10-28 10:22:24'),(172,'admin','127.0.0.1','0','登录成功','2024-10-28 10:22:28'),(173,'admin','127.0.0.1','0','退出成功','2024-10-28 11:13:31'),(174,'admin','127.0.0.1','0','登录成功','2024-10-28 11:13:35'),(175,'admin','127.0.0.1','0','退出成功','2024-10-28 11:19:51'),(176,'admin','127.0.0.1','0','退出成功','2024-10-28 11:19:51'),(177,'admin','127.0.0.1','0','退出成功','2024-10-28 11:19:51'),(178,'admin','127.0.0.1','0','退出成功','2024-10-28 11:20:49'),(179,'admin','127.0.0.1','0','登录成功','2024-10-28 11:20:55'),(180,'admin','127.0.0.1','0','退出成功','2024-10-28 13:59:27'),(181,'admin','127.0.0.1','0','退出成功','2024-10-28 13:59:35'),(182,'admin','127.0.0.1','0','登录成功','2024-10-28 13:59:39'),(183,'admin','127.0.0.1','0','退出成功','2024-10-28 14:07:33'),(184,'admin','127.0.0.1','0','退出成功','2024-10-28 14:08:16'),(185,'admin','127.0.0.1','0','登录成功','2024-10-28 14:08:19'),(186,'admin','127.0.0.1','0','退出成功','2024-10-28 14:15:44'),(187,'admin','127.0.0.1','0','退出成功','2024-10-28 14:15:47'),(188,'admin','127.0.0.1','0','登录成功','2024-10-28 14:15:48'),(189,'admin','127.0.0.1','0','退出成功','2024-10-28 16:11:49'),(190,'admin','127.0.0.1','0','退出成功','2024-10-28 16:11:52'),(191,'odo3j4q2KskkbbW-krfE-cAxUnzU','127.0.0.1','0','登录成功','2024-10-28 16:28:58'),(192,'odo3j4q2KskkbbW-krfE-cAxUnzU','127.0.0.1','0','登录成功','2024-10-28 16:30:46'),(193,'admin','127.0.0.1','0','登录成功','2024-10-29 08:51:22'),(194,'admin','127.0.0.1','0','登录成功','2024-10-29 08:51:25'),(195,'admin','127.0.0.1','0','登录成功','2024-10-30 10:08:28'),(196,'admin','127.0.0.1','0','登录成功','2024-11-04 10:14:02'),(197,'admin','127.0.0.1','0','登录成功','2024-11-05 09:23:18'),(198,'admin','127.0.0.1','0','登录成功','2024-11-07 09:27:25'),(199,'admin','222.212.104.118','0','登录成功','2024-11-11 10:27:57'),(200,'odo3j4q2KskkbbW-krfE-cAxUnzU','222.212.104.118','0','登录成功','2024-11-11 11:56:33'),(201,'odo3j4h1w7CiRcaayhm-TYUEsm5w','113.89.101.110','0','登录成功','2024-11-11 16:56:49'),(202,'odo3j4h1w7CiRcaayhm-TYUEsm5w','113.89.102.94','0','登录成功','2024-11-11 16:57:27'),(203,'odo3j4h1w7CiRcaayhm-TYUEsm5w','113.89.101.110','0','登录成功','2024-11-11 16:59:53'),(204,'odo3j4h1w7CiRcaayhm-TYUEsm5w','113.89.101.110','0','登录成功','2024-11-11 17:00:05'),(205,'odo3j4h1w7CiRcaayhm-TYUEsm5w','113.89.102.94','0','登录成功','2024-11-11 17:00:20'),(206,'odo3j4h1w7CiRcaayhm-TYUEsm5w','113.89.102.94','0','登录成功','2024-11-11 17:00:54'),(207,'odo3j4h1w7CiRcaayhm-TYUEsm5w','113.89.101.106','0','登录成功','2024-11-11 17:01:59'),(208,'odo3j4h1w7CiRcaayhm-TYUEsm5w','113.89.101.106','0','登录成功','2024-11-11 17:05:42'),(209,'odo3j4h1w7CiRcaayhm-TYUEsm5w','113.89.101.106','0','登录成功','2024-11-11 17:06:06'),(210,'odo3j4h1w7CiRcaayhm-TYUEsm5w','113.89.102.94','0','登录成功','2024-11-11 17:07:52'),(211,'odo3j4h1w7CiRcaayhm-TYUEsm5w','113.89.102.94','0','登录成功','2024-11-11 17:08:04'),(212,'odo3j4h1w7CiRcaayhm-TYUEsm5w','113.89.102.94','0','登录成功','2024-11-11 17:09:37'),(213,'odo3j4h1w7CiRcaayhm-TYUEsm5w','113.89.100.176','0','登录成功','2024-11-11 17:28:04'),(214,'odo3j4h1w7CiRcaayhm-TYUEsm5w','113.89.102.94','0','登录成功','2024-11-11 17:31:05'),(215,'odo3j4h1w7CiRcaayhm-TYUEsm5w','113.89.102.94','0','登录成功','2024-11-11 17:32:16'),(216,'odo3j4h1w7CiRcaayhm-TYUEsm5w','113.89.100.16','0','登录成功','2024-11-11 17:34:53'),(217,'odo3j4h1w7CiRcaayhm-TYUEsm5w','113.89.100.16','0','登录成功','2024-11-11 17:35:37'),(218,'odo3j4h1w7CiRcaayhm-TYUEsm5w','113.89.103.37','0','登录成功','2024-11-11 17:43:13'),(219,'odo3j4h1w7CiRcaayhm-TYUEsm5w','113.89.103.37','0','登录成功','2024-11-11 17:44:20'),(220,'odo3j4h1w7CiRcaayhm-TYUEsm5w','113.89.103.37','0','登录成功','2024-11-11 17:47:48'),(221,'odo3j4h1w7CiRcaayhm-TYUEsm5w','113.89.103.37','0','登录成功','2024-11-11 17:48:15'),(222,'odo3j4h1w7CiRcaayhm-TYUEsm5w','113.89.102.94','0','登录成功','2024-11-11 17:50:57'),(223,'odo3j4h1w7CiRcaayhm-TYUEsm5w','113.89.101.82','0','登录成功','2024-11-11 17:52:51'),(224,'odo3j4h1w7CiRcaayhm-TYUEsm5w','113.89.101.82','0','登录成功','2024-11-11 17:53:26'),(225,'odo3j4h1w7CiRcaayhm-TYUEsm5w','113.89.101.82','0','登录成功','2024-11-11 17:59:06'),(226,'odo3j4h1w7CiRcaayhm-TYUEsm5w','113.89.101.82','0','登录成功','2024-11-11 17:59:45'),(227,'odo3j4h1w7CiRcaayhm-TYUEsm5w','113.89.101.82','0','登录成功','2024-11-11 18:00:31'),(228,'odo3j4h1w7CiRcaayhm-TYUEsm5w','113.89.101.82','0','登录成功','2024-11-11 18:00:43'),(229,'odo3j4h1w7CiRcaayhm-TYUEsm5w','113.89.102.94','0','登录成功','2024-11-11 18:01:26'),(230,'odo3j4h1w7CiRcaayhm-TYUEsm5w','113.89.102.94','0','登录成功','2024-11-11 18:02:13'),(231,'odo3j4h1w7CiRcaayhm-TYUEsm5w','113.89.102.94','0','登录成功','2024-11-11 18:02:16'),(232,'odo3j4h1w7CiRcaayhm-TYUEsm5w','113.89.102.94','0','登录成功','2024-11-11 18:02:53'),(233,'odo3j4h1w7CiRcaayhm-TYUEsm5w','113.89.103.33','0','登录成功','2024-11-11 18:06:39'),(234,'odo3j4h1w7CiRcaayhm-TYUEsm5w','113.89.101.40','0','登录成功','2024-11-11 18:13:20'),(235,'odo3j4h1w7CiRcaayhm-TYUEsm5w','113.89.101.40','0','登录成功','2024-11-11 18:13:52'),(236,'odo3j4h1w7CiRcaayhm-TYUEsm5w','113.89.101.40','0','登录成功','2024-11-11 18:15:48'),(237,'odo3j4h1w7CiRcaayhm-TYUEsm5w','113.89.102.94','0','登录成功','2024-11-11 18:21:15'),(238,'odo3j4h1w7CiRcaayhm-TYUEsm5w','113.89.101.48','0','登录成功','2024-11-11 18:22:16'),(239,'odo3j4h1w7CiRcaayhm-TYUEsm5w','113.89.101.48','0','登录成功','2024-11-11 18:23:57'),(240,'odo3j4h1w7CiRcaayhm-TYUEsm5w','113.89.102.160','0','登录成功','2024-11-11 18:33:53'),(241,'odo3j4h1w7CiRcaayhm-TYUEsm5w','113.89.102.160','0','登录成功','2024-11-11 18:34:26'),(242,'odo3j4h1w7CiRcaayhm-TYUEsm5w','113.89.102.160','0','登录成功','2024-11-11 18:38:11'),(243,'odo3j4h1w7CiRcaayhm-TYUEsm5w','113.89.102.160','0','登录成功','2024-11-11 18:39:37'),(244,'odo3j4h1w7CiRcaayhm-TYUEsm5w','113.89.102.160','0','登录成功','2024-11-11 18:39:38'),(245,'odo3j4h1w7CiRcaayhm-TYUEsm5w','113.89.103.115','0','登录成功','2024-11-11 18:49:03'),(246,'odo3j4h1w7CiRcaayhm-TYUEsm5w','113.89.102.122','0','登录成功','2024-11-11 19:04:50'),(247,'odo3j4h1w7CiRcaayhm-TYUEsm5w','113.89.102.122','0','登录成功','2024-11-11 19:05:22'),(248,'odo3j4h1w7CiRcaayhm-TYUEsm5w','113.89.102.122','0','登录成功','2024-11-11 19:05:57'),(249,'odo3j4h1w7CiRcaayhm-TYUEsm5w','113.89.101.68','0','登录成功','2024-11-11 19:31:35'),(250,'odo3j4h1w7CiRcaayhm-TYUEsm5w','113.89.100.225','0','登录成功','2024-11-11 19:38:27'),(251,'odo3j4h1w7CiRcaayhm-TYUEsm5w','113.89.100.225','0','登录成功','2024-11-11 19:41:56'),(252,'odo3j4h1w7CiRcaayhm-TYUEsm5w','113.89.102.206','0','登录成功','2024-11-11 19:43:17'),(253,'odo3j4h1w7CiRcaayhm-TYUEsm5w','113.89.102.206','0','登录成功','2024-11-11 19:43:26'),(254,'odo3j4h1w7CiRcaayhm-TYUEsm5w','113.89.102.206','0','登录成功','2024-11-11 19:43:43'),(255,'odo3j4h1w7CiRcaayhm-TYUEsm5w','113.89.102.206','0','登录成功','2024-11-11 19:44:48'),(256,'odo3j4h1w7CiRcaayhm-TYUEsm5w','113.89.102.206','0','登录成功','2024-11-11 19:48:24'),(257,'odo3j4h1w7CiRcaayhm-TYUEsm5w','113.89.102.206','0','登录成功','2024-11-11 19:49:03'),(258,'odo3j4h1w7CiRcaayhm-TYUEsm5w','113.89.101.167','0','登录成功','2024-11-11 19:55:22'),(259,'odo3j4h1w7CiRcaayhm-TYUEsm5w','113.89.101.167','0','登录成功','2024-11-11 19:55:36'),(260,'odo3j4h1w7CiRcaayhm-TYUEsm5w','113.89.101.167','0','登录成功','2024-11-11 19:55:59'),(261,'odo3j4h1w7CiRcaayhm-TYUEsm5w','113.89.101.167','0','登录成功','2024-11-11 19:56:59'),(262,'odo3j4h1w7CiRcaayhm-TYUEsm5w','113.89.102.19','0','登录成功','2024-11-11 20:14:31'),(263,'odo3j4h1w7CiRcaayhm-TYUEsm5w','113.89.102.19','0','登录成功','2024-11-11 20:14:54'),(264,'odo3j4h1w7CiRcaayhm-TYUEsm5w','113.89.102.94','0','登录成功','2024-11-11 20:16:08'),(265,'odo3j4h1w7CiRcaayhm-TYUEsm5w','113.89.102.94','0','登录成功','2024-11-11 20:16:37'),(266,'odo3j4h1w7CiRcaayhm-TYUEsm5w','113.89.102.94','0','登录成功','2024-11-11 20:17:16'),(267,'odo3j4h1w7CiRcaayhm-TYUEsm5w','113.89.102.94','0','登录成功','2024-11-11 20:17:28'),(268,'odo3j4i6KdS4jVu5667WGokoSrAQ','127.0.0.1','0','登录成功','2025-01-02 09:36:31'),(269,'odo3j4i6KdS4jVu5667WGokoSrAQ','127.0.0.1','0','登录成功','2025-01-02 09:36:32'),(270,'admin','127.0.0.1','0','登录成功','2025-01-02 10:35:48'),(271,'odo3j4i6KdS4jVu5667WGokoSrAQ','127.0.0.1','0','登录成功','2025-01-02 13:59:24'),(272,'odo3j4i6KdS4jVu5667WGokoSrAQ','127.0.0.1','0','登录成功','2025-01-03 09:16:21'),(273,'admin','127.0.0.1','0','登录成功','2025-01-03 09:29:28'),(274,'odo3j4i6KdS4jVu5667WGokoSrAQ','127.0.0.1','0','登录成功','2025-01-03 14:02:29'),(275,'odo3j4i6KdS4jVu5667WGokoSrAQ','127.0.0.1','0','登录成功','2025-01-03 14:52:08'),(276,'odo3j4i6KdS4jVu5667WGokoSrAQ','127.0.0.1','0','登录成功','2025-01-03 15:46:26'),(277,'odo3j4i6KdS4jVu5667WGokoSrAQ','127.0.0.1','0','登录成功','2025-01-06 14:00:15'),(278,'odo3j4i6KdS4jVu5667WGokoSrAQ','127.0.0.1','0','登录成功','2025-01-06 14:01:50'),(279,'odo3j4i6KdS4jVu5667WGokoSrAQ','127.0.0.1','0','登录成功','2025-01-06 14:20:08'),(280,'admin','127.0.0.1','0','登录成功','2025-01-06 14:22:39'),(281,'odo3j4i6KdS4jVu5667WGokoSrAQ','127.0.0.1','0','登录成功','2025-01-07 09:28:17'),(282,'odo3j4i6KdS4jVu5667WGokoSrAQ','127.0.0.1','0','登录成功','2025-01-07 09:29:51'),(283,'admin','127.0.0.1','0','登录成功','2025-01-07 10:46:12'),(284,'admin','127.0.0.1','0','登录成功','2025-01-07 14:44:34'),(285,'admin','127.0.0.1','0','登录成功','2025-01-14 11:52:01'),(286,'admin','127.0.0.1','0','退出成功','2025-01-14 11:52:09'),(287,'admin','127.0.0.1','0','登录成功','2025-01-14 11:52:28'),(288,'admin','127.0.0.1','0','登录成功','2025-01-14 14:25:43'),(289,'admin','127.0.0.1','0','登录成功','2025-01-15 11:00:09'),(290,'admin','127.0.0.1','0','登录成功','2025-02-10 09:51:26'),(291,'admin','127.0.0.1','0','退出成功','2025-02-10 09:51:32'),(292,'admin','127.0.0.1','0','登录成功','2025-02-10 13:28:53'),(293,'admin','127.0.0.1','0','登录成功','2025-02-11 10:19:15'),(294,'admin','127.0.0.1','0','登录成功','2025-02-12 09:41:07'),(295,'admin','127.0.0.1','0','登录成功','2025-02-13 10:10:50'),(296,'admin','127.0.0.1','0','登录成功','2025-02-17 09:41:20'),(297,'admin','127.0.0.1','0','退出成功','2025-02-17 10:29:24'),(298,'atguigu','127.0.0.1','0','登录成功','2025-02-17 10:29:47'),(299,'atguigu','127.0.0.1','0','退出成功','2025-02-17 10:31:00'),(300,'admin','127.0.0.1','0','登录成功','2025-02-17 10:31:05'),(301,'admin','127.0.0.1','0','退出成功','2025-02-17 10:31:40'),(302,'atguigu','127.0.0.1','0','登录成功','2025-02-17 10:31:51'),(303,'atguigu','127.0.0.1','0','退出成功','2025-02-17 11:32:21'),(304,'admin','127.0.0.1','0','登录成功','2025-02-17 11:32:25'),(305,'admin','127.0.0.1','0','退出成功','2025-02-17 11:32:40'),(306,'admin','127.0.0.1','0','登录成功','2025-02-17 11:32:44'),(307,'admin','127.0.0.1','0','退出成功','2025-02-17 11:32:49'),(308,'atguigu','127.0.0.1','0','登录成功','2025-02-17 11:32:58'),(309,'atguigu','127.0.0.1','0','退出成功','2025-02-17 11:56:31'),(310,'admin','127.0.0.1','0','登录成功','2025-02-17 11:56:36'),(311,'admin','127.0.0.1','0','登录成功','2025-03-07 20:07:54'),(312,'admin','127.0.0.1','0','退出成功','2025-03-07 20:10:26'),(313,'admin','127.0.0.1','0','登录成功','2025-03-07 20:10:30'),(314,'admin','127.0.0.1','0','登录成功','2025-03-08 09:53:16');

/*Table structure for table `sys_menu` */

DROP TABLE IF EXISTS `sys_menu`;

CREATE TABLE `sys_menu` (
  `menu_id` bigint NOT NULL AUTO_INCREMENT COMMENT '菜单ID',
  `menu_name` varchar(50) NOT NULL COMMENT '菜单名称',
  `parent_id` bigint DEFAULT '0' COMMENT '父菜单ID',
  `order_num` int DEFAULT '0' COMMENT '显示顺序',
  `path` varchar(200) DEFAULT '' COMMENT '路由地址',
  `component` varchar(255) DEFAULT NULL COMMENT '组件路径',
  `query` varchar(255) DEFAULT NULL COMMENT '路由参数',
  `is_frame` int DEFAULT '1' COMMENT '是否为外链（0是 1否）',
  `is_cache` int DEFAULT '0' COMMENT '是否缓存（0缓存 1不缓存）',
  `menu_type` char(1) DEFAULT '' COMMENT '菜单类型（M目录 C菜单 F按钮）',
  `visible` char(1) DEFAULT '0' COMMENT '菜单状态（0显示 1隐藏）',
  `status` char(1) DEFAULT '0' COMMENT '菜单状态（0正常 1停用）',
  `perms` varchar(100) DEFAULT NULL COMMENT '权限标识',
  `icon` varchar(100) DEFAULT '#' COMMENT '菜单图标',
  `create_by` varchar(64) DEFAULT '' COMMENT '创建者',
  `create_time` datetime DEFAULT NULL COMMENT '创建时间',
  `update_by` varchar(64) DEFAULT '' COMMENT '更新者',
  `update_time` datetime DEFAULT NULL COMMENT '更新时间',
  `remark` varchar(500) DEFAULT '' COMMENT '备注',
  PRIMARY KEY (`menu_id`)
) ENGINE=InnoDB AUTO_INCREMENT=2062 DEFAULT CHARSET=utf8mb4 COLLATE=utf8mb4_0900_ai_ci COMMENT='菜单权限表';

/*Data for the table `sys_menu` */

insert  into `sys_menu`(`menu_id`,`menu_name`,`parent_id`,`order_num`,`path`,`component`,`query`,`is_frame`,`is_cache`,`menu_type`,`visible`,`status`,`perms`,`icon`,`create_by`,`create_time`,`update_by`,`update_time`,`remark`) values (1,'系统管理',0,1,'system',NULL,'',1,0,'M','0','0','','system','admin','2024-10-22 10:40:27','',NULL,'系统管理目录'),(2,'系统监控',0,2,'monitor',NULL,'',1,0,'M','0','0','','monitor','admin','2024-10-22 10:40:27','',NULL,'系统监控目录'),(3,'系统工具',0,3,'tool',NULL,'',1,0,'M','0','0','','tool','admin','2024-10-22 10:40:27','',NULL,'系统工具目录'),(4,'若依官网',0,4,'http://spzx.vip',NULL,'',0,0,'M','1','0','','guide','admin','2024-10-22 10:40:27','',NULL,'若依官网地址'),(100,'用户管理',1,1,'user','system/user/index','',1,0,'C','0','0','system:user:list','user','admin','2024-10-22 10:40:27','',NULL,'用户管理菜单'),(101,'角色管理',1,2,'role','system/role/index','',1,0,'C','0','0','system:role:list','peoples','admin','2024-10-22 10:40:27','',NULL,'角色管理菜单'),(102,'菜单管理',1,3,'menu','system/menu/index','',1,0,'C','0','0','system:menu:list','tree-table','admin','2024-10-22 10:40:27','',NULL,'菜单管理菜单'),(103,'部门管理',1,4,'dept','system/dept/index','',1,0,'C','0','0','system:dept:list','tree','admin','2024-10-22 10:40:27','',NULL,'部门管理菜单'),(104,'岗位管理',1,5,'post','system/post/index','',1,0,'C','','0','system:post:list','post','admin','2024-10-22 10:40:27','',NULL,'岗位管理菜单'),(105,'字典管理',1,6,'dict','system/dict/index','',1,0,'C','0','0','system:dict:list','dict','admin','2024-10-22 10:40:27','',NULL,'字典管理菜单'),(106,'参数设置',1,7,'config','system/config/index','',1,0,'C','0','0','system:config:list','edit','admin','2024-10-22 10:40:27','',NULL,'参数设置菜单'),(107,'通知公告',1,8,'notice','system/notice/index','',1,0,'C','0','0','system:notice:list','message','admin','2024-10-22 10:40:27','',NULL,'通知公告菜单'),(108,'日志管理',1,9,'log','','',1,0,'M','0','0','','log','admin','2024-10-22 10:40:27','',NULL,'日志管理菜单'),(109,'在线用户',2,1,'online','monitor/online/index','',1,0,'C','1','0','monitor:online:list','online','admin','2024-10-22 10:40:27','',NULL,'在线用户菜单'),(110,'定时任务',2,2,'job','monitor/job/index','',1,0,'C','0','0','monitor:job:list','job','admin','2024-10-22 10:40:27','',NULL,'定时任务菜单'),(111,'Sentinel控制台',2,3,'http://localhost:8718','','',0,0,'C','1','0','monitor:sentinel:list','sentinel','admin','2024-10-22 10:40:27','',NULL,'流量控制菜单'),(112,'Nacos控制台',2,4,'http://localhost:8848/nacos','','',0,0,'C','0','0','monitor:nacos:list','nacos','admin','2024-10-22 10:40:27','',NULL,'服务治理菜单'),(113,'Admin控制台',2,5,'http://localhost:9100/login','','',0,0,'C','1','0','monitor:server:list','server','admin','2024-10-22 10:40:27','',NULL,'服务监控菜单'),(114,'表单构建',3,1,'build','tool/build/index','',1,0,'C','0','0','tool:build:list','build','admin','2024-10-22 10:40:27','',NULL,'表单构建菜单'),(115,'代码生成',3,2,'gen','tool/gen/index','',1,0,'C','0','0','tool:gen:list','code','admin','2024-10-22 10:40:27','',NULL,'代码生成菜单'),(116,'系统接口',3,3,'http://localhost:8080/doc.html','','',0,0,'C','0','0','tool:swagger:list','swagger','admin','2024-10-22 10:40:27','admin','2025-01-03 14:07:42','系统接口菜单'),(500,'操作日志',108,1,'operlog','system/operlog/index','',1,0,'C','0','0','system:operlog:list','form','admin','2024-10-22 10:40:27','',NULL,'操作日志菜单'),(501,'登录日志',108,2,'logininfor','system/logininfor/index','',1,0,'C','0','0','system:logininfor:list','logininfor','admin','2024-10-22 10:40:27','',NULL,'登录日志菜单'),(1000,'用户查询',100,1,'','','',1,0,'F','0','0','system:user:query','#','admin','2024-10-22 10:40:27','',NULL,''),(1001,'用户新增',100,2,'','','',1,0,'F','0','0','system:user:add','#','admin','2024-10-22 10:40:27','',NULL,''),(1002,'用户修改',100,3,'','','',1,0,'F','0','0','system:user:edit','#','admin','2024-10-22 10:40:27','',NULL,''),(1003,'用户删除',100,4,'','','',1,0,'F','0','0','system:user:remove','#','admin','2024-10-22 10:40:27','',NULL,''),(1004,'用户导出',100,5,'','','',1,0,'F','0','0','system:user:export','#','admin','2024-10-22 10:40:27','',NULL,''),(1005,'用户导入',100,6,'','','',1,0,'F','0','0','system:user:import','#','admin','2024-10-22 10:40:27','',NULL,''),(1006,'重置密码',100,7,'','','',1,0,'F','0','0','system:user:resetPwd','#','admin','2024-10-22 10:40:27','',NULL,''),(1007,'角色查询',101,1,'','','',1,0,'F','0','0','system:role:query','#','admin','2024-10-22 10:40:27','',NULL,''),(1008,'角色新增',101,2,'','','',1,0,'F','0','0','system:role:add','#','admin','2024-10-22 10:40:27','',NULL,''),(1009,'角色修改',101,3,'','','',1,0,'F','0','0','system:role:edit','#','admin','2024-10-22 10:40:27','',NULL,''),(1010,'角色删除',101,4,'','','',1,0,'F','0','0','system:role:remove','#','admin','2024-10-22 10:40:27','',NULL,''),(1011,'角色导出',101,5,'','','',1,0,'F','0','0','system:role:export','#','admin','2024-10-22 10:40:27','',NULL,''),(1012,'菜单查询',102,1,'','','',1,0,'F','0','0','system:menu:query','#','admin','2024-10-22 10:40:27','',NULL,''),(1013,'菜单新增',102,2,'','','',1,0,'F','0','0','system:menu:add','#','admin','2024-10-22 10:40:27','',NULL,''),(1014,'菜单修改',102,3,'','','',1,0,'F','0','0','system:menu:edit','#','admin','2024-10-22 10:40:27','',NULL,''),(1015,'菜单删除',102,4,'','','',1,0,'F','0','0','system:menu:remove','#','admin','2024-10-22 10:40:27','',NULL,''),(1016,'部门查询',103,1,'','','',1,0,'F','0','0','system:dept:query','#','admin','2024-10-22 10:40:27','',NULL,''),(1017,'部门新增',103,2,'','','',1,0,'F','0','0','system:dept:add','#','admin','2024-10-22 10:40:27','',NULL,''),(1018,'部门修改',103,3,'','','',1,0,'F','0','0','system:dept:edit','#','admin','2024-10-22 10:40:27','',NULL,''),(1019,'部门删除',103,4,'','','',1,0,'F','0','0','system:dept:remove','#','admin','2024-10-22 10:40:27','',NULL,''),(1020,'岗位查询',104,1,'','','',1,0,'F','0','0','system:post:query','#','admin','2024-10-22 10:40:27','',NULL,''),(1021,'岗位新增',104,2,'','','',1,0,'F','0','0','system:post:add','#','admin','2024-10-22 10:40:27','',NULL,''),(1022,'岗位修改',104,3,'','','',1,0,'F','0','0','system:post:edit','#','admin','2024-10-22 10:40:27','',NULL,''),(1023,'岗位删除',104,4,'','','',1,0,'F','0','0','system:post:remove','#','admin','2024-10-22 10:40:27','',NULL,''),(1024,'岗位导出',104,5,'','','',1,0,'F','0','0','system:post:export','#','admin','2024-10-22 10:40:27','',NULL,''),(1025,'字典查询',105,1,'#','','',1,0,'F','0','0','system:dict:query','#','admin','2024-10-22 10:40:27','',NULL,''),(1026,'字典新增',105,2,'#','','',1,0,'F','0','0','system:dict:add','#','admin','2024-10-22 10:40:27','',NULL,''),(1027,'字典修改',105,3,'#','','',1,0,'F','0','0','system:dict:edit','#','admin','2024-10-22 10:40:27','',NULL,''),(1028,'字典删除',105,4,'#','','',1,0,'F','0','0','system:dict:remove','#','admin','2024-10-22 10:40:27','',NULL,''),(1029,'字典导出',105,5,'#','','',1,0,'F','0','0','system:dict:export','#','admin','2024-10-22 10:40:27','',NULL,''),(1030,'参数查询',106,1,'#','','',1,0,'F','0','0','system:config:query','#','admin','2024-10-22 10:40:27','',NULL,''),(1031,'参数新增',106,2,'#','','',1,0,'F','0','0','system:config:add','#','admin','2024-10-22 10:40:27','',NULL,''),(1032,'参数修改',106,3,'#','','',1,0,'F','0','0','system:config:edit','#','admin','2024-10-22 10:40:27','',NULL,''),(1033,'参数删除',106,4,'#','','',1,0,'F','0','0','system:config:remove','#','admin','2024-10-22 10:40:27','',NULL,''),(1034,'参数导出',106,5,'#','','',1,0,'F','0','0','system:config:export','#','admin','2024-10-22 10:40:27','',NULL,''),(1035,'公告查询',107,1,'#','','',1,0,'F','0','0','system:notice:query','#','admin','2024-10-22 10:40:27','',NULL,''),(1036,'公告新增',107,2,'#','','',1,0,'F','0','0','system:notice:add','#','admin','2024-10-22 10:40:27','',NULL,''),(1037,'公告修改',107,3,'#','','',1,0,'F','0','0','system:notice:edit','#','admin','2024-10-22 10:40:27','',NULL,''),(1038,'公告删除',107,4,'#','','',1,0,'F','0','0','system:notice:remove','#','admin','2024-10-22 10:40:27','',NULL,''),(1039,'操作查询',500,1,'#','','',1,0,'F','0','0','system:operlog:query','#','admin','2024-10-22 10:40:27','',NULL,''),(1040,'操作删除',500,2,'#','','',1,0,'F','0','0','system:operlog:remove','#','admin','2024-10-22 10:40:27','',NULL,''),(1041,'日志导出',500,3,'#','','',1,0,'F','0','0','system:operlog:export','#','admin','2024-10-22 10:40:27','',NULL,''),(1042,'登录查询',501,1,'#','','',1,0,'F','0','0','system:logininfor:query','#','admin','2024-10-22 10:40:27','',NULL,''),(1043,'登录删除',501,2,'#','','',1,0,'F','0','0','system:logininfor:remove','#','admin','2024-10-22 10:40:27','',NULL,''),(1044,'日志导出',501,3,'#','','',1,0,'F','0','0','system:logininfor:export','#','admin','2024-10-22 10:40:27','',NULL,''),(1045,'账户解锁',501,4,'#','','',1,0,'F','0','0','system:logininfor:unlock','#','admin','2024-10-22 10:40:27','',NULL,''),(1046,'在线查询',109,1,'#','','',1,0,'F','0','0','monitor:online:query','#','admin','2024-10-22 10:40:27','',NULL,''),(1047,'批量强退',109,2,'#','','',1,0,'F','0','0','monitor:online:batchLogout','#','admin','2024-10-22 10:40:27','',NULL,''),(1048,'单条强退',109,3,'#','','',1,0,'F','0','0','monitor:online:forceLogout','#','admin','2024-10-22 10:40:27','',NULL,''),(1049,'任务查询',110,1,'#','','',1,0,'F','0','0','monitor:job:query','#','admin','2024-10-22 10:40:27','',NULL,''),(1050,'任务新增',110,2,'#','','',1,0,'F','0','0','monitor:job:add','#','admin','2024-10-22 10:40:27','',NULL,''),(1051,'任务修改',110,3,'#','','',1,0,'F','0','0','monitor:job:edit','#','admin','2024-10-22 10:40:27','',NULL,''),(1052,'任务删除',110,4,'#','','',1,0,'F','0','0','monitor:job:remove','#','admin','2024-10-22 10:40:27','',NULL,''),(1053,'状态修改',110,5,'#','','',1,0,'F','0','0','monitor:job:changeStatus','#','admin','2024-10-22 10:40:27','',NULL,''),(1054,'任务导出',110,6,'#','','',1,0,'F','0','0','monitor:job:export','#','admin','2024-10-22 10:40:27','',NULL,''),(1055,'生成查询',115,1,'#','','',1,0,'F','0','0','tool:gen:query','#','admin','2024-10-22 10:40:27','',NULL,''),(1056,'生成修改',115,2,'#','','',1,0,'F','0','0','tool:gen:edit','#','admin','2024-10-22 10:40:27','',NULL,''),(1057,'生成删除',115,3,'#','','',1,0,'F','0','0','tool:gen:remove','#','admin','2024-10-22 10:40:27','',NULL,''),(1058,'导入代码',115,2,'#','','',1,0,'F','0','0','tool:gen:import','#','admin','2024-10-22 10:40:27','',NULL,''),(1059,'预览代码',115,4,'#','','',1,0,'F','0','0','tool:gen:preview','#','admin','2024-10-22 10:40:27','',NULL,''),(1060,'生成代码',115,5,'#','','',1,0,'F','0','0','tool:gen:code','#','admin','2024-10-22 10:40:27','',NULL,''),(2000,'会员列表',3,1,'userInfo','user/userInfo/index',NULL,1,0,'C','1','0','user:userInfo:list','#','admin','2024-10-22 10:40:28','',NULL,'会员菜单'),(2001,'会员查询',2000,1,'#','',NULL,1,0,'F','0','0','user:userInfo:query','#','admin','2024-10-22 10:40:28','',NULL,''),(2002,'会员新增',2000,2,'#','',NULL,1,0,'F','0','0','user:userInfo:add','#','admin','2024-10-22 10:40:28','',NULL,''),(2003,'会员修改',2000,3,'#','',NULL,1,0,'F','0','0','user:userInfo:edit','#','admin','2024-10-22 10:40:28','',NULL,''),(2004,'会员删除',2000,4,'#','',NULL,1,0,'F','0','0','user:userInfo:remove','#','admin','2024-10-22 10:40:28','',NULL,''),(2005,'会员导出',2000,5,'#','',NULL,1,0,'F','0','0','user:userInfo:export','#','admin','2024-10-22 10:40:28','',NULL,''),(2006,'设备管理',0,5,'device',NULL,NULL,1,0,'M','0','0',NULL,'github','admin','2024-10-23 08:54:38','',NULL,''),(2007,'柜机类型',2006,1,'cabinetType','device/cabinetType/index',NULL,1,0,'C','0','0','device:cabinetType:list','#','admin','2024-10-23 09:58:57','',NULL,'柜机类型菜单'),(2012,'柜机管理',2006,1,'cabinet','device/cabinet/index',NULL,1,0,'C','0','0','device:cabinet:list','#','admin','2024-10-23 09:28:09','',NULL,'柜机管理菜单'),(2013,'柜机查询',2012,1,'#','',NULL,1,0,'F','0','0','device:cabinet:query','#','admin','2024-10-23 09:28:09','',NULL,''),(2014,'柜机新增',2012,2,'#','',NULL,1,0,'F','0','0','device:cabinet:add','#','admin','2024-10-23 09:28:09','',NULL,''),(2015,'柜机修改',2012,3,'#','',NULL,1,0,'F','0','0','device:cabinet:edit','#','admin','2024-10-23 09:28:09','',NULL,''),(2016,'柜机删除',2012,4,'#','',NULL,1,0,'F','0','0','device:cabinet:remove','#','admin','2024-10-23 09:28:09','',NULL,''),(2017,'柜机导出',2012,5,'#','',NULL,1,0,'F','0','0','device:cabinet:export','#','admin','2024-10-23 09:28:09','',NULL,''),(2018,'充电宝管理',2006,1,'powerBank','device/powerBank/index',NULL,1,0,'C','0','0','device:powerBank:list','#','admin','2024-10-23 09:28:49','',NULL,'充电宝菜单'),(2019,'充电宝查询',2018,1,'#','',NULL,1,0,'F','0','0','device:powerBank:query','#','admin','2024-10-23 09:28:49','',NULL,''),(2020,'充电宝新增',2018,2,'#','',NULL,1,0,'F','0','0','device:powerBank:add','#','admin','2024-10-23 09:28:49','',NULL,''),(2021,'充电宝修改',2018,3,'#','',NULL,1,0,'F','0','0','device:powerBank:edit','#','admin','2024-10-23 09:28:49','',NULL,''),(2022,'充电宝删除',2018,4,'#','',NULL,1,0,'F','0','0','device:powerBank:remove','#','admin','2024-10-23 09:28:49','',NULL,''),(2023,'充电宝导出',2018,5,'#','',NULL,1,0,'F','0','0','device:powerBank:export','#','admin','2024-10-23 09:28:49','',NULL,''),(2031,'柜机类型查询',2007,1,'#','',NULL,1,0,'F','0','0','device:cabinetType:query','#','admin','2024-10-23 09:58:57','',NULL,''),(2032,'柜机类型新增',2007,2,'#','',NULL,1,0,'F','0','0','device:cabinetType:add','#','admin','2024-10-23 09:58:57','',NULL,''),(2033,'柜机类型修改',2007,3,'#','',NULL,1,0,'F','0','0','device:cabinetType:edit','#','admin','2024-10-23 09:58:57','',NULL,''),(2034,'柜机类型删除',2007,4,'#','',NULL,1,0,'F','0','0','device:cabinetType:remove','#','admin','2024-10-23 09:58:57','',NULL,''),(2035,'柜机类型导出',2007,5,'#','',NULL,1,0,'F','0','0','device:cabinetType:export','#','admin','2024-10-23 09:58:57','',NULL,''),(2036,'站点管理',2006,1,'station','device/station/index',NULL,1,0,'C','0','0','device:station:list','#','admin','2024-10-23 14:09:19','',NULL,'站点菜单'),(2037,'站点查询',2036,1,'#','',NULL,1,0,'F','0','0','device:station:query','#','admin','2024-10-23 14:09:19','',NULL,''),(2038,'站点新增',2036,2,'#','',NULL,1,0,'F','0','0','device:station:add','#','admin','2024-10-23 14:09:19','',NULL,''),(2039,'站点修改',2036,3,'#','',NULL,1,0,'F','0','0','device:station:edit','#','admin','2024-10-23 14:09:19','',NULL,''),(2040,'站点删除',2036,4,'#','',NULL,1,0,'F','0','0','device:station:remove','#','admin','2024-10-23 14:09:19','',NULL,''),(2041,'站点导出',2036,5,'#','',NULL,1,0,'F','0','0','device:station:export','#','admin','2024-10-23 14:09:19','',NULL,''),(2042,'地图监控管理',0,6,'map',NULL,NULL,1,0,'M','0','0',NULL,'tool','admin','2024-10-24 10:04:35','',NULL,''),(2043,'地图站点',2042,1,'mapStation','map/station/index',NULL,1,0,'C','0','0','map:station:list','#','admin','2024-10-24 10:07:39','',NULL,''),(2044,'订单管理',0,8,'order',NULL,NULL,1,0,'M','0','0',NULL,'chart','admin','2024-10-25 10:12:04','',NULL,''),(2045,'订单列表',2044,1,'orderInfo','order/orderInfo/index',NULL,1,0,'C','0','0','order:orderInfo:list','#','admin','2024-10-25 10:13:34','',NULL,'订单菜单'),(2046,'订单查询',2045,1,'#','',NULL,1,0,'F','0','0','order:orderInfo:query','#','admin','2024-10-25 10:13:34','',NULL,''),(2047,'订单导出',2045,5,'#','',NULL,1,0,'F','0','0','order:orderInfo:export','#','admin','2024-10-25 10:13:34','',NULL,''),(2048,'规则管理',0,9,'rule',NULL,NULL,1,0,'M','0','0',NULL,'row','admin','2024-10-25 10:54:51','',NULL,''),(2049,'费用规则',2048,1,'feeRule','rule/feeRule/index',NULL,1,0,'C','0','0','rule:feeRule:list','#','admin','2024-10-25 10:55:46','',NULL,'费用规则菜单'),(2050,'费用规则查询',2049,1,'#','',NULL,1,0,'F','0','0','rule:feeRule:query','#','admin','2024-10-25 10:55:46','',NULL,''),(2051,'费用规则新增',2049,2,'#','',NULL,1,0,'F','0','0','rule:feeRule:add','#','admin','2024-10-25 10:55:46','',NULL,''),(2052,'费用规则修改',2049,3,'#','',NULL,1,0,'F','0','0','rule:feeRule:edit','#','admin','2024-10-25 10:55:46','',NULL,''),(2053,'费用规则删除',2049,4,'#','',NULL,1,0,'F','0','0','rule:feeRule:remove','#','admin','2024-10-25 10:55:46','',NULL,''),(2054,'费用规则导出',2049,5,'#','',NULL,1,0,'F','0','0','rule:feeRule:export','#','admin','2024-10-25 10:55:46','',NULL,''),(2055,'会员管理',0,10,'member',NULL,NULL,1,0,'M','0','0','','peoples','admin','2024-10-25 14:09:20','admin','2024-10-25 14:09:41',''),(2056,'会员列表',2055,1,'userInfo','user/userInfo/index',NULL,1,0,'C','0','0','user:userInfo:list','#','admin','2024-10-25 14:10:40','',NULL,'用户菜单'),(2057,'会员查询',2056,1,'#','',NULL,1,0,'F','0','0','user:userInfo:query','#','admin','2024-10-25 14:10:40','',NULL,''),(2058,'会员导出',2056,5,'#','',NULL,1,0,'F','0','0','user:userInfo:export','#','admin','2024-10-25 14:10:40','',NULL,''),(2059,'数据报表',0,11,'sta',NULL,NULL,1,0,'M','0','0','','build','admin','2025-03-07 20:08:38','admin','2025-03-07 20:08:46',''),(2060,'用户报表',2059,1,'usersta','stastics/user/index',NULL,1,0,'C','0','0','','chart','admin','2025-03-07 20:09:30','admin','2025-03-07 20:10:10',''),(2061,'订单报表',2059,2,'ordersta','stastics/order/index',NULL,1,0,'C','0','0','','#','admin','2025-03-08 10:19:27','admin','2025-03-08 10:19:41','');

/*Table structure for table `sys_notice` */

DROP TABLE IF EXISTS `sys_notice`;

CREATE TABLE `sys_notice` (
  `notice_id` int NOT NULL AUTO_INCREMENT COMMENT '公告ID',
  `notice_title` varchar(50) NOT NULL COMMENT '公告标题',
  `notice_type` char(1) NOT NULL COMMENT '公告类型（1通知 2公告）',
  `notice_content` longblob COMMENT '公告内容',
  `status` char(1) DEFAULT '0' COMMENT '公告状态（0正常 1关闭）',
  `create_by` varchar(64) DEFAULT '' COMMENT '创建者',
  `create_time` datetime DEFAULT NULL COMMENT '创建时间',
  `update_by` varchar(64) DEFAULT '' COMMENT '更新者',
  `update_time` datetime DEFAULT NULL COMMENT '更新时间',
  `remark` varchar(255) DEFAULT NULL COMMENT '备注',
  PRIMARY KEY (`notice_id`)
) ENGINE=InnoDB AUTO_INCREMENT=10 DEFAULT CHARSET=utf8mb4 COLLATE=utf8mb4_0900_ai_ci COMMENT='通知公告表';

/*Data for the table `sys_notice` */

insert  into `sys_notice`(`notice_id`,`notice_title`,`notice_type`,`notice_content`,`status`,`create_by`,`create_time`,`update_by`,`update_time`,`remark`) values (1,'温馨提醒：2018-07-01 若依新版本发布啦','2','新版本内容','0','admin','2024-10-22 10:40:28','',NULL,'管理员'),(2,'维护通知：2018-07-01 若依系统凌晨维护','1','维护内容','0','admin','2024-10-22 10:40:28','',NULL,'管理员');

/*Table structure for table `sys_oper_log` */

DROP TABLE IF EXISTS `sys_oper_log`;

CREATE TABLE `sys_oper_log` (
  `oper_id` bigint NOT NULL AUTO_INCREMENT COMMENT '日志主键',
  `title` varchar(50) DEFAULT '' COMMENT '模块标题',
  `business_type` int DEFAULT '0' COMMENT '业务类型（0其它 1新增 2修改 3删除）',
  `method` varchar(100) DEFAULT '' COMMENT '方法名称',
  `request_method` varchar(10) DEFAULT '' COMMENT '请求方式',
  `operator_type` int DEFAULT '0' COMMENT '操作类别（0其它 1后台用户 2手机端用户）',
  `oper_name` varchar(50) DEFAULT '' COMMENT '操作人员',
  `dept_name` varchar(50) DEFAULT '' COMMENT '部门名称',
  `oper_url` varchar(255) DEFAULT '' COMMENT '请求URL',
  `oper_ip` varchar(128) DEFAULT '' COMMENT '主机地址',
  `oper_location` varchar(255) DEFAULT '' COMMENT '操作地点',
  `oper_param` varchar(2000) DEFAULT '' COMMENT '请求参数',
  `json_result` varchar(2000) DEFAULT '' COMMENT '返回参数',
  `status` int DEFAULT '0' COMMENT '操作状态（0正常 1异常）',
  `error_msg` varchar(2000) DEFAULT '' COMMENT '错误消息',
  `oper_time` datetime DEFAULT NULL COMMENT '操作时间',
  `cost_time` bigint DEFAULT '0' COMMENT '消耗时间',
  PRIMARY KEY (`oper_id`),
  KEY `idx_sys_oper_log_bt` (`business_type`),
  KEY `idx_sys_oper_log_s` (`status`),
  KEY `idx_sys_oper_log_ot` (`oper_time`)
) ENGINE=InnoDB AUTO_INCREMENT=205 DEFAULT CHARSET=utf8mb4 COLLATE=utf8mb4_0900_ai_ci COMMENT='操作日志记录';

/*Data for the table `sys_oper_log` */

insert  into `sys_oper_log`(`oper_id`,`title`,`business_type`,`method`,`request_method`,`operator_type`,`oper_name`,`dept_name`,`oper_url`,`oper_ip`,`oper_location`,`oper_param`,`json_result`,`status`,`error_msg`,`oper_time`,`cost_time`) values (100,'代码生成',6,'com.share.gen.controller.GenController.importTableSave()','POST',1,'admin',NULL,'/gen/importTable','127.0.0.1','','{\"tables\":\"cabinet_slot,cabinet_location,cabinet,station,power_bank,region\"}','{\"msg\":\"操作成功\",\"code\":200}',0,NULL,'2024-10-22 16:48:19',8232),(101,'代码生成',6,'com.share.gen.controller.GenController.importTableSave()','POST',1,'admin',NULL,'/gen/importTable','127.0.0.1','','{\"tables\":\"category\"}','{\"msg\":\"操作成功\",\"code\":200}',0,NULL,'2024-10-22 16:53:04',1294),(102,'代码生成',8,'com.share.gen.controller.GenController.batchGenCode()','GET',1,'admin',NULL,'/gen/batchGenCode','127.0.0.1','','{\"tables\":\"cabinet,cabinet_location,cabinet_slot,power_bank,region,station,category\"}',NULL,0,NULL,'2024-10-22 16:53:08',929),(103,'菜单管理',1,'com.share.system.controller.SysMenuController.add()','POST',1,'admin',NULL,'/menu','127.0.0.1','','{\"children\":[],\"createBy\":\"admin\",\"icon\":\"github\",\"isCache\":\"0\",\"isFrame\":\"1\",\"menuName\":\"设备管理\",\"menuType\":\"M\",\"orderNum\":5,\"params\":{},\"parentId\":0,\"path\":\"device\",\"status\":\"0\",\"visible\":\"0\"}','{\"msg\":\"操作成功\",\"code\":200}',0,NULL,'2024-10-23 08:54:38',174),(104,'代码生成',2,'com.share.gen.controller.GenController.editSave()','PUT',1,'admin',NULL,'/gen','127.0.0.1','','{\"businessName\":\"category\",\"className\":\"Category\",\"columns\":[{\"capJavaField\":\"Id\",\"columnComment\":\"ID\",\"columnId\":81,\"columnName\":\"id\",\"columnType\":\"bigint(20)\",\"createBy\":\"admin\",\"createTime\":\"2024-10-22 16:53:03\",\"dictType\":\"\",\"edit\":false,\"htmlType\":\"input\",\"increment\":true,\"insert\":true,\"isIncrement\":\"1\",\"isInsert\":\"1\",\"isPk\":\"1\",\"javaField\":\"id\",\"javaType\":\"Long\",\"list\":false,\"params\":{},\"pk\":true,\"query\":false,\"queryType\":\"EQ\",\"required\":false,\"sort\":1,\"superColumn\":false,\"tableId\":7,\"updateBy\":\"\",\"usableColumn\":false},{\"capJavaField\":\"Name\",\"columnComment\":\"名称\",\"columnId\":82,\"columnName\":\"name\",\"columnType\":\"varchar(30)\",\"createBy\":\"admin\",\"createTime\":\"2024-10-22 16:53:03\",\"dictType\":\"\",\"edit\":true,\"htmlType\":\"input\",\"increment\":false,\"insert\":true,\"isEdit\":\"1\",\"isIncrement\":\"0\",\"isInsert\":\"1\",\"isList\":\"1\",\"isPk\":\"0\",\"isQuery\":\"1\",\"isRequired\":\"1\",\"javaField\":\"name\",\"javaType\":\"String\",\"list\":true,\"params\":{},\"pk\":false,\"query\":true,\"queryType\":\"LIKE\",\"required\":true,\"sort\":2,\"superColumn\":false,\"tableId\":7,\"updateBy\":\"\",\"usableColumn\":false},{\"capJavaField\":\"Description\",\"columnComment\":\"描述\",\"columnId\":83,\"columnName\":\"description\",\"columnType\":\"varchar(500)\",\"createBy\":\"admin\",\"createTime\":\"2024-10-22 16:53:03\",\"dictType\":\"\",\"edit\":true,\"htmlType\":\"textarea\",\"increment\":false,\"insert\":true,\"isEdit\":\"1\",\"isIncrement\":\"0\",\"isInsert\":\"1\",\"isList\":\"1\",\"isPk\":\"0\",\"isQuery\":\"1\",\"javaField\":\"description\",\"javaType\":\"String\",\"list\":true,\"params\":{},\"pk\":false,\"query\":true,\"queryType\":\"EQ\",\"required\":false,\"sort\":3,\"superColumn\":false,\"tableId\":7,\"updateBy\":\"\",\"usableColumn\":false},{\"capJavaField\":\"Status\",\"columnComment\":\"状态（0正常 1停用）\",\"columnId\":84,\"columnName\":\"status\",\"columnType\":\"char(1)\",\"createBy\":\"admin\",\"createTime\":\"2024-10-22 16:53:03\",\"dictType\":\"\",\"edit\":true,\"htmlType\":\"radio\",\"increment\":false,\"insert\":true,\"isEdit\":\"1\",\"isIncrement\":\"0\",\"isInsert\":\"1\",\"isList\":\"1\",\"isPk\":\"0\",\"isQuery\":\"1\",\"isRequired\":\"1\",\"javaField\":\"status\",\"javaType\":\"String\",\"li','{\"msg\":\"操作成功\",\"code\":200}',0,NULL,'2024-10-23 08:58:54',1062),(105,'分类',1,'com.share.device.controller.CategoryController.add()','POST',1,'admin',NULL,'/category','127.0.0.1','','{\"description\":\"共享充电宝大型柜机\",\"id\":1,\"name\":\"共享充电宝大型柜机\",\"params\":{}}','{\"msg\":\"操作成功\",\"code\":200}',0,NULL,'2024-10-23 09:12:42',173),(106,'分类',2,'com.share.device.controller.CategoryController.edit()','PUT',1,'admin',NULL,'/category','127.0.0.1','','{\"createBy\":\"\",\"delFlag\":\"0\",\"description\":\"共享充电宝大型柜机\",\"id\":1,\"name\":\"共享充电宝大型柜机\",\"params\":{},\"status\":\"\",\"updateBy\":\"\"}','{\"msg\":\"操作成功\",\"code\":200}',0,NULL,'2024-10-23 09:20:42',134),(107,'菜单管理',2,'com.share.system.controller.SysMenuController.edit()','PUT',1,'admin',NULL,'/menu','127.0.0.1','','{\"children\":[],\"component\":\"device/category/index\",\"createTime\":\"2024-10-23 08:55:59\",\"icon\":\"#\",\"isCache\":\"0\",\"isFrame\":\"1\",\"menuId\":2007,\"menuName\":\"分类管理\",\"menuType\":\"C\",\"orderNum\":1,\"params\":{},\"parentId\":2006,\"path\":\"category\",\"perms\":\"device:category:list\",\"status\":\"0\",\"updateBy\":\"admin\",\"visible\":\"0\"}','{\"msg\":\"操作成功\",\"code\":200}',0,NULL,'2024-10-23 09:38:44',216),(108,'代码生成',6,'com.share.gen.controller.GenController.importTableSave()','POST',1,'admin',NULL,'/gen/importTable','127.0.0.1','','{\"tables\":\"cabinet_type\"}','{\"msg\":\"操作成功\",\"code\":200}',0,NULL,'2024-10-23 09:53:58',1343),(109,'代码生成',8,'com.share.gen.controller.GenController.batchGenCode()','GET',1,'admin',NULL,'/gen/batchGenCode','127.0.0.1','','{\"tables\":\"cabinet_type\"}',NULL,0,NULL,'2024-10-23 09:54:04',471),(110,'柜机类型',1,'com.share.device.controller.CabinetTypeController.add()','POST',1,'admin',NULL,'/cabinetType','127.0.0.1','','{\"description\":\"八口柜机\",\"id\":2,\"name\":\"八口柜机\",\"params\":{},\"totalSlots\":8}','{\"msg\":\"操作成功\",\"code\":200}',0,NULL,'2024-10-23 10:10:04',158),(111,'柜机类型',1,'com.share.device.controller.CabinetTypeController.add()','POST',1,'admin',NULL,'/cabinetType','127.0.0.1','','{\"description\":\"十二口柜机\",\"id\":3,\"name\":\"十二口柜机\",\"params\":{},\"totalSlots\":12}','{\"msg\":\"操作成功\",\"code\":200}',0,NULL,'2024-10-23 10:10:21',129),(112,'充电宝柜机',1,'com.share.device.controller.CabinetController.add()','POST',1,'admin',NULL,'/cabinet','127.0.0.1','','{\"availableSlots\":8,\"cabinetNo\":\"3bb6bba35e3949deb62b452c8a14f527\",\"cabinetTypeId\":2,\"createBy\":\"admin\",\"createTime\":\"2024-10-23 10:40:34\",\"description\":\"美团八口机柜\",\"name\":\"美团八口机柜\",\"params\":{},\"totalSlots\":8}',NULL,1,'\r\n### Error updating database.  Cause: java.sql.SQLSyntaxErrorException: Unknown column \'cabinet_type_id\' in \'field list\'\r\n### The error may exist in com/share/device/mapper/CabinetMapper.java (best guess)\r\n### The error may involve com.share.device.mapper.CabinetMapper.insert-Inline\r\n### The error occurred while setting parameters\r\n### SQL: INSERT INTO cabinet  ( cabinet_no, name, cabinet_type_id, total_slots, available_slots, description,   create_by, create_time )  VALUES  ( ?, ?, ?, ?, ?, ?,   ?, ? )\r\n### Cause: java.sql.SQLSyntaxErrorException: Unknown column \'cabinet_type_id\' in \'field list\'\n; bad SQL grammar []','2024-10-23 10:40:35',521),(113,'充电宝柜机',1,'com.share.device.controller.CabinetController.add()','POST',1,'admin',NULL,'/cabinet','127.0.0.1','','{\"availableSlots\":8,\"cabinetNo\":\"4a11f87386324f87a13eb0e697a6ffe9\",\"cabinetTypeId\":2,\"createBy\":\"admin\",\"createTime\":\"2024-10-23 10:40:54\",\"description\":\"美团八口机柜\",\"id\":1,\"name\":\"美团八口机柜\",\"params\":{},\"totalSlots\":8}','{\"msg\":\"操作成功\",\"code\":200}',0,NULL,'2024-10-23 10:40:55',1092),(114,'充电宝柜机',1,'com.share.device.controller.CabinetController.add()','POST',1,'admin',NULL,'/cabinet','127.0.0.1','','{\"availableSlots\":8,\"cabinetNo\":\"xgxgxxxg\",\"cabinetTypeId\":2,\"createBy\":\"admin\",\"createTime\":\"2024-10-23 10:47:35\",\"description\":\"硅谷八口机柜\",\"id\":1,\"name\":\"硅谷八口机柜\",\"params\":{},\"totalSlots\":8}','{\"msg\":\"操作成功\",\"code\":200}',0,NULL,'2024-10-23 10:47:37',1145),(115,'代码生成',6,'com.share.gen.controller.GenController.importTableSave()','POST',1,'admin',NULL,'/gen/importTable','127.0.0.1','','{\"tables\":\"station\"}','{\"msg\":\"操作成功\",\"code\":200}',0,NULL,'2024-10-23 14:16:08',2342),(116,'站点',1,'com.share.device.controller.StationController.add()','POST',1,'admin',NULL,'/station','127.0.0.1','','{\"address\":\"北京市东城区万科街4号1栋\",\"businessHours\":\"每天8:00 到 20:00\",\"headName\":\"张三\",\"headPhone\":\"15236526352\",\"id\":1,\"latitude\":39.97850597047804,\"longitude\":116.38059753329071,\"name\":\"昭觉寺南鸡公煲\",\"params\":{}}','{\"msg\":\"操作成功\",\"code\":200}',0,NULL,'2024-10-24 09:55:40',170),(117,'菜单管理',1,'com.share.system.controller.SysMenuController.add()','POST',1,'admin',NULL,'/menu','127.0.0.1','','{\"children\":[],\"createBy\":\"admin\",\"icon\":\"tool\",\"isCache\":\"0\",\"isFrame\":\"1\",\"menuName\":\"地图监控管理\",\"menuType\":\"M\",\"orderNum\":6,\"params\":{},\"parentId\":0,\"path\":\"map\",\"status\":\"0\",\"visible\":\"0\"}','{\"msg\":\"操作成功\",\"code\":200}',0,NULL,'2024-10-24 10:04:36',1482),(118,'菜单管理',1,'com.share.system.controller.SysMenuController.add()','POST',1,'admin',NULL,'/menu','127.0.0.1','','{\"children\":[],\"component\":\"map/station/index\",\"createBy\":\"admin\",\"isCache\":\"0\",\"isFrame\":\"1\",\"menuName\":\"地图站点\",\"menuType\":\"C\",\"orderNum\":1,\"params\":{},\"parentId\":2042,\"path\":\"mapStation\",\"perms\":\"map:station:list\",\"status\":\"0\",\"visible\":\"0\"}','{\"msg\":\"操作成功\",\"code\":200}',0,NULL,'2024-10-24 10:07:39',178),(119,'站点',1,'com.share.device.controller.StationController.add()','POST',1,'admin',NULL,'/station','127.0.0.1','','{\"address\":\"北京市东城区万科街4号1栋\",\"businessHours\":\"每天8:00 到 20:00\",\"headName\":\"订单\",\"headPhone\":\"142343\",\"id\":2,\"latitude\":40.05165772184046,\"longitude\":116.37168039059543,\"name\":\"北京东城区面点\",\"params\":{}}','{\"msg\":\"操作成功\",\"code\":200}',0,NULL,'2024-10-24 10:20:59',160),(120,'代码生成',6,'com.share.gen.controller.GenController.importTableSave()','POST',1,'admin',NULL,'/gen/importTable','127.0.0.1','','{\"tables\":\"order_info,order_bill\"}','{\"msg\":\"操作成功\",\"code\":200}',0,NULL,'2024-10-25 09:46:40',3805),(121,'代码生成',6,'com.share.gen.controller.GenController.importTableSave()','POST',1,'admin',NULL,'/gen/importTable','127.0.0.1','','{\"tables\":\"order_log\"}','{\"msg\":\"操作成功\",\"code\":200}',0,NULL,'2024-10-25 09:47:21',1351),(122,'代码生成',8,'com.share.gen.controller.GenController.batchGenCode()','GET',1,'admin',NULL,'/gen/batchGenCode','127.0.0.1','','{\"tables\":\"order_bill,order_info,order_log\"}',NULL,0,NULL,'2024-10-25 09:47:26',583),(123,'菜单管理',1,'com.share.system.controller.SysMenuController.add()','POST',1,'admin',NULL,'/menu','127.0.0.1','','{\"children\":[],\"createBy\":\"admin\",\"icon\":\"chart\",\"isCache\":\"0\",\"isFrame\":\"1\",\"menuName\":\"订单管理\",\"menuType\":\"M\",\"orderNum\":8,\"params\":{},\"parentId\":0,\"path\":\"order\",\"status\":\"0\",\"visible\":\"0\"}','{\"msg\":\"操作成功\",\"code\":200}',0,NULL,'2024-10-25 10:12:05',193),(124,'代码生成',6,'com.share.gen.controller.GenController.importTableSave()','POST',1,'admin',NULL,'/gen/importTable','127.0.0.1','','{\"tables\":\"fee_rule\"}','{\"msg\":\"操作成功\",\"code\":200}',0,NULL,'2024-10-25 10:47:22',1441),(125,'菜单管理',1,'com.share.system.controller.SysMenuController.add()','POST',1,'admin',NULL,'/menu','127.0.0.1','','{\"children\":[],\"createBy\":\"admin\",\"icon\":\"row\",\"isCache\":\"0\",\"isFrame\":\"1\",\"menuName\":\"规则管理\",\"menuType\":\"M\",\"orderNum\":9,\"params\":{},\"parentId\":0,\"path\":\"rule\",\"status\":\"0\",\"visible\":\"0\"}','{\"msg\":\"操作成功\",\"code\":200}',0,NULL,'2024-10-25 10:54:51',162),(126,'代码生成',8,'com.share.gen.controller.GenController.batchGenCode()','GET',1,'admin',NULL,'/gen/batchGenCode','127.0.0.1','','{\"tables\":\"fee_rule\"}',NULL,0,NULL,'2024-10-25 10:56:01',207),(127,'代码生成',6,'com.share.gen.controller.GenController.importTableSave()','POST',1,'admin',NULL,'/gen/importTable','127.0.0.1','','{\"tables\":\"user_info,user_login_log\"}','{\"msg\":\"操作成功\",\"code\":200}',0,NULL,'2024-10-25 13:53:03',2423),(128,'代码生成',8,'com.share.gen.controller.GenController.batchGenCode()','GET',1,'admin',NULL,'/gen/batchGenCode','127.0.0.1','','{\"tables\":\"user_info,user_login_log\"}',NULL,0,NULL,'2024-10-25 13:53:11',421),(129,'菜单管理',1,'com.share.system.controller.SysMenuController.add()','POST',1,'admin',NULL,'/menu','127.0.0.1','','{\"children\":[],\"createBy\":\"admin\",\"icon\":\"peoples\",\"isCache\":\"0\",\"isFrame\":\"1\",\"menuName\":\"会员管理\",\"menuType\":\"M\",\"orderNum\":10,\"params\":{},\"parentId\":0,\"path\":\"user\",\"status\":\"0\",\"visible\":\"0\"}','{\"msg\":\"操作成功\",\"code\":200}',0,NULL,'2024-10-25 14:09:20',179),(130,'菜单管理',2,'com.share.system.controller.SysMenuController.edit()','PUT',1,'admin',NULL,'/menu','127.0.0.1','','{\"children\":[],\"createTime\":\"2024-10-25 14:09:20\",\"icon\":\"peoples\",\"isCache\":\"0\",\"isFrame\":\"1\",\"menuId\":2055,\"menuName\":\"会员管理\",\"menuType\":\"M\",\"orderNum\":10,\"params\":{},\"parentId\":0,\"path\":\"member\",\"perms\":\"\",\"status\":\"0\",\"updateBy\":\"admin\",\"visible\":\"0\"}','{\"msg\":\"操作成功\",\"code\":200}',0,NULL,'2024-10-25 14:09:41',178),(131,'站点',2,'com.share.device.controller.StationController.edit()','PUT',1,'admin',NULL,'/station','127.0.0.1','','{\"address\":\"北京市东城区万科街4号1栋\",\"businessHours\":\"每天8:00 到 20:00\",\"cityCode\":\"110100\",\"createTime\":\"2024-10-24 09:55:14\",\"delFlag\":\"0\",\"districtCode\":\"110102\",\"headName\":\"张三\",\"headPhone\":\"15236526352\",\"id\":1,\"imageUrl\":\"http://139.198.127.41:9000/sph/20240202/web.jpg\",\"latitude\":39.978506,\"longitude\":116.3805975,\"name\":\"昭觉寺南鸡公煲\",\"params\":{},\"provinceCode\":\"110000\",\"updateTime\":\"2024-10-24 11:24:31\"}','{\"msg\":\"操作成功\",\"code\":200}',0,NULL,'2024-10-25 16:09:39',178),(132,'站点',2,'com.share.device.controller.StationController.edit()','PUT',1,'admin',NULL,'/station','127.0.0.1','','{\"address\":\"北京市东城区万科街4号1栋\",\"businessHours\":\"每天8:00 到 20:00\",\"cityCode\":\"110100\",\"createTime\":\"2024-10-24 09:55:14\",\"delFlag\":\"0\",\"districtCode\":\"110102\",\"headName\":\"张三\",\"headPhone\":\"15236526352\",\"id\":1,\"imageUrl\":\"http://139.198.127.41:9000/sph/20240202/web.jpg\",\"latitude\":40.01634217689547,\"longitude\":116.34768971519588,\"name\":\"昭觉寺南鸡公煲\",\"params\":{},\"provinceCode\":\"110000\",\"updateTime\":\"2024-10-24 11:24:31\"}','{\"msg\":\"操作成功\",\"code\":200}',0,NULL,'2024-10-25 16:55:37',135),(133,'站点',2,'com.share.device.controller.StationController.edit()','PUT',1,'admin',NULL,'/station','127.0.0.1','','{\"address\":\"万科街4号1栋\",\"businessHours\":\"每天8:00 到 20:00\",\"cityCode\":\"110100\",\"createTime\":\"2024-10-24 09:55:14\",\"delFlag\":\"0\",\"districtCode\":\"110105\",\"headName\":\"张三\",\"headPhone\":\"15236526352\",\"id\":1,\"imageUrl\":\"http://139.198.127.41:9000/sph/20240202/web.jpg\",\"latitude\":40.0163422,\"longitude\":116.3476897,\"name\":\"昭觉寺南鸡公煲\",\"params\":{},\"provinceCode\":\"110000\",\"updateTime\":\"2024-10-24 11:24:31\"}','{\"msg\":\"操作成功\",\"code\":200}',0,NULL,'2024-10-25 16:56:13',15137),(134,'站点',2,'com.share.device.controller.StationController.edit()','PUT',1,'admin',NULL,'/station','127.0.0.1','','{\"address\":\"万科街4号1栋\",\"businessHours\":\"每天8:00 到 20:00\",\"cityCode\":\"110100\",\"createTime\":\"2024-10-24 09:55:14\",\"delFlag\":\"0\",\"districtCode\":\"110105\",\"headName\":\"张三\",\"headPhone\":\"15236526352\",\"id\":1,\"imageUrl\":\"http://139.198.127.41:9000/sph/20240202/web.jpg\",\"latitude\":40.0163422,\"longitude\":116.3476897,\"name\":\"昭觉寺南鸡公煲\",\"params\":{},\"provinceCode\":\"110000\",\"updateTime\":\"2024-10-24 11:24:31\"}','{\"msg\":\"操作成功\",\"code\":200}',0,NULL,'2024-10-25 16:56:15',105),(135,'站点',2,'com.share.device.controller.StationController.edit()','PUT',1,'admin',NULL,'/station','127.0.0.1','','{\"address\":\"万科街4号1栋\",\"businessHours\":\"每天8:00 到 20:00\",\"cityCode\":\"110100\",\"createTime\":\"2024-10-24 09:55:14\",\"delFlag\":\"0\",\"districtCode\":\"110105\",\"headName\":\"张三\",\"headPhone\":\"15236526352\",\"id\":1,\"imageUrl\":\"http://139.198.127.41:9000/sph/20240202/web.jpg\",\"latitude\":40.0163422,\"longitude\":116.3476897,\"name\":\"昭觉寺南鸡公煲\",\"params\":{},\"provinceCode\":\"110000\",\"updateTime\":\"2024-10-24 11:24:31\"}','{\"msg\":\"操作成功\",\"code\":200}',0,NULL,'2024-10-25 16:56:16',5116),(136,'充电宝柜机',1,'com.share.device.controller.CabinetController.add()','POST',1,'admin',NULL,'/cabinet','127.0.0.1','','{\"cabinetNo\":\"xxxggxgg\",\"description\":\"十二口柜机001\",\"name\":\"十二口柜机001\",\"params\":{}}',NULL,1,'Cannot invoke \"com.share.device.domain.CabinetType.getTotalSlots()\" because \"cabinetType\" is null','2024-10-28 09:17:19',15271),(137,'充电宝柜机',1,'com.share.device.controller.CabinetController.add()','POST',1,'admin',NULL,'/cabinet','127.0.0.1','','{\"cabinetNo\":\"xxgggggg\",\"description\":\"十二口柜机001\",\"name\":\"十二口柜机001\",\"params\":{}}',NULL,1,'Cannot invoke \"com.share.device.domain.CabinetType.getTotalSlots()\" because \"cabinetType\" is null','2024-10-28 09:17:19',5214),(138,'充电宝柜机',1,'com.share.device.controller.CabinetController.add()','POST',1,'admin',NULL,'/cabinet','127.0.0.1','','{\"cabinetNo\":\"xxgxxxgg\",\"description\":\"十二口柜机001\",\"name\":\"十二口柜机001\",\"params\":{}}',NULL,1,'Cannot invoke \"com.share.device.domain.CabinetType.getTotalSlots()\" because \"cabinetType\" is null','2024-10-28 09:17:21',5204),(139,'充电宝柜机',1,'com.share.device.controller.CabinetController.add()','POST',1,'admin',NULL,'/cabinet','127.0.0.1','','{\"availableSlots\":12,\"cabinetNo\":\"xgxgxxgx\",\"cabinetTypeId\":3,\"createBy\":\"admin\",\"createTime\":\"2024-10-28 09:20:05\",\"description\":\"硅谷十二口机柜001\",\"id\":2,\"name\":\"硅谷十二口机柜001\",\"params\":{},\"totalSlots\":12}','{\"msg\":\"操作成功\",\"code\":200}',0,NULL,'2024-10-28 09:20:06',1216),(140,'站点',2,'com.share.device.controller.StationController.setData()','POST',1,'admin',NULL,'/station/setData','127.0.0.1','','{\"cabinetId\":1,\"feeRuleId\":1,\"params\":{}}','{\"msg\":\"操作成功\",\"code\":200}',0,NULL,'2024-10-28 09:50:22',155),(141,'站点',2,'com.share.device.controller.StationController.setData()','POST',1,'admin',NULL,'/station/setData','127.0.0.1','','{\"cabinetId\":1,\"feeRuleId\":1,\"id\":1,\"params\":{}}','{\"msg\":\"操作成功\",\"code\":200}',0,NULL,'2024-10-28 09:51:37',132),(142,'站点',2,'com.share.device.controller.StationController.edit()','PUT',1,'admin',NULL,'/station','127.0.0.1','','{\"address\":\"万科街4号1栋\",\"businessHours\":\"每天8:00 到 20:00\",\"cabinetId\":1,\"cityCode\":\"110100\",\"createTime\":\"2024-10-24 09:55:14\",\"delFlag\":\"0\",\"districtCode\":\"110105\",\"feeRuleId\":1,\"fullAddress\":\"北京市北京市朝阳区万科街4号1栋\",\"headName\":\"张三\",\"headPhone\":\"15236526352\",\"id\":1,\"imageUrl\":\"http://139.198.127.41:9000/sph/20240202/web.jpg\",\"latitude\":40.0163422,\"longitude\":116.3476897,\"name\":\"昭觉寺南鸡公煲\",\"params\":{},\"provinceCode\":\"110000\",\"status\":\"1\",\"updateTime\":\"2024-10-28 09:52:14\"}','{\"msg\":\"操作成功\",\"code\":200}',0,NULL,'2024-10-28 10:25:22',252),(143,'站点',2,'com.share.device.controller.StationController.edit()','PUT',1,'admin',NULL,'/station','127.0.0.1','','{\"address\":\"万科街4号1栋\",\"businessHours\":\"每天8:00 到 20:00\",\"cabinetId\":1,\"cityCode\":\"110100\",\"createTime\":\"2024-10-24 09:55:14\",\"delFlag\":\"0\",\"districtCode\":\"110105\",\"feeRuleId\":1,\"fullAddress\":\"北京市北京市朝阳区万科街4号1栋\",\"headName\":\"张三\",\"headPhone\":\"15236526352\",\"id\":1,\"imageUrl\":\"http://139.198.127.41:9000/sph/20240202/web.jpg\",\"latitude\":40.0163422,\"longitude\":116.3476897,\"name\":\"昭觉寺南鸡公煲\",\"params\":{},\"provinceCode\":\"110000\",\"status\":\"1\",\"updateTime\":\"2024-10-28 09:52:14\"}',NULL,1,'Cannot invoke \"com.share.device.domain.StationLocation.setLocation(org.springframework.data.mongodb.core.geo.GeoJsonPoint)\" because \"stationLocation\" is null','2024-10-28 11:37:57',495),(144,'站点',2,'com.share.device.controller.StationController.edit()','PUT',1,'admin',NULL,'/station','127.0.0.1','','{\"address\":\"万科街4号1栋\",\"businessHours\":\"每天8:00 到 20:00\",\"cabinetId\":1,\"cityCode\":\"110100\",\"createTime\":\"2024-10-24 09:55:14\",\"delFlag\":\"0\",\"districtCode\":\"110105\",\"feeRuleId\":1,\"fullAddress\":\"北京市北京市朝阳区万科街4号1栋\",\"headName\":\"张三\",\"headPhone\":\"15236526352\",\"id\":1,\"imageUrl\":\"http://139.198.127.41:9000/sph/20240202/web.jpg\",\"latitude\":40.0163422,\"longitude\":116.3476897,\"name\":\"昭觉寺南鸡公煲\",\"params\":{},\"provinceCode\":\"110000\",\"status\":\"1\",\"updateTime\":\"2024-10-28 09:52:14\"}','{\"msg\":\"操作成功\",\"code\":200}',0,NULL,'2024-10-28 11:39:23',760),(145,'站点',2,'com.share.device.controller.StationController.edit()','PUT',1,'admin',NULL,'/station','127.0.0.1','','{\"address\":\"北京市东城区万科街4号1栋\",\"businessHours\":\"每天8:00 到 20:00\",\"cityCode\":\"110100\",\"createTime\":\"2024-10-24 10:20:59\",\"delFlag\":\"0\",\"districtCode\":\"110102\",\"fullAddress\":\"北京市北京市西城区北京市东城区万科街4号1栋\",\"headName\":\"订单\",\"headPhone\":\"142343\",\"id\":2,\"imageUrl\":\"http://139.198.127.41:9000/sph/20240812/xq_banner.pic.jpg\",\"latitude\":40.0516577,\"longitude\":116.3716804,\"name\":\"北京东城区面点\",\"params\":{},\"provinceCode\":\"110000\",\"status\":\"1\",\"updateTime\":\"2024-10-28 09:52:17\"}','{\"msg\":\"操作成功\",\"code\":200}',0,NULL,'2024-10-28 11:40:57',476),(146,'充电宝柜机',2,'com.share.device.controller.CabinetController.edit()','PUT',1,'admin',NULL,'/cabinet','127.0.0.1','','{\"availableSlots\":8,\"cabinetNo\":\"xgxgxxxg\",\"cabinetTypeId\":2,\"createBy\":\"admin\",\"createTime\":\"2024-10-23 10:47:36\",\"delFlag\":\"0\",\"description\":\"硅谷八口机柜\",\"id\":1,\"locationId\":1,\"name\":\"硅谷八口机柜\",\"params\":{},\"status\":\"0\",\"totalSlots\":8,\"updateBy\":\"admin\",\"updateTime\":\"2024-10-28 14:00:23\"}','{\"msg\":\"操作失败\",\"code\":500}',0,NULL,'2024-10-28 14:00:23',340),(147,'充电宝柜机',2,'com.share.device.controller.CabinetController.edit()','PUT',1,'admin',NULL,'/cabinet','127.0.0.1','','{\"availableSlots\":8,\"cabinetNo\":\"xgxgxxxg\",\"cabinetTypeId\":2,\"createBy\":\"admin\",\"createTime\":\"2024-10-23 10:47:36\",\"delFlag\":\"0\",\"description\":\"硅谷八口机柜\",\"id\":1,\"locationId\":1,\"name\":\"硅谷八口机柜\",\"params\":{},\"status\":\"0\",\"totalSlots\":8,\"updateBy\":\"admin\",\"updateTime\":\"2024-10-28 14:00:35\"}','{\"msg\":\"操作失败\",\"code\":500}',0,NULL,'2024-10-28 14:00:40',302),(148,'充电宝柜机',2,'com.share.device.controller.CabinetController.edit()','PUT',1,'admin',NULL,'/cabinet','127.0.0.1','','{\"availableSlots\":8,\"cabinetNo\":\"xgxgxxxg\",\"cabinetTypeId\":2,\"createBy\":\"admin\",\"createTime\":\"2024-10-23 10:47:36\",\"delFlag\":\"0\",\"description\":\"硅谷八口机柜\",\"id\":1,\"locationId\":1,\"name\":\"硅谷八口机柜\",\"params\":{},\"status\":\"0\",\"totalSlots\":8,\"updateBy\":\"admin\",\"updateTime\":\"2024-10-28 14:01:33\"}','{\"msg\":\"操作失败\",\"code\":500}',0,NULL,'2024-10-28 14:01:40',25729),(149,'充电宝柜机',2,'com.share.device.controller.CabinetController.edit()','PUT',1,'admin',NULL,'/cabinet','127.0.0.1','','{\"availableSlots\":8,\"cabinetNo\":\"xgxgxxxg\",\"cabinetTypeId\":2,\"createBy\":\"admin\",\"createTime\":\"2024-10-23 10:47:36\",\"delFlag\":\"0\",\"description\":\"硅谷八口机柜\",\"id\":1,\"locationId\":1,\"name\":\"硅谷八口机柜\",\"params\":{},\"status\":\"0\",\"totalSlots\":8,\"updateBy\":\"admin\",\"updateTime\":\"2024-10-28 14:01:50\"}','{\"msg\":\"操作失败\",\"code\":500}',0,NULL,'2024-10-28 14:01:50',3848),(150,'充电宝柜机',2,'com.share.device.controller.CabinetController.edit()','PUT',1,'admin',NULL,'/cabinet','127.0.0.1','','{\"availableSlots\":8,\"cabinetNo\":\"xgxgxxxg\",\"cabinetTypeId\":2,\"createBy\":\"admin\",\"createTime\":\"2024-10-23 10:47:36\",\"delFlag\":\"0\",\"description\":\"硅谷八口机柜\",\"id\":1,\"locationId\":1,\"name\":\"硅谷八口机柜\",\"params\":{},\"status\":\"0\",\"totalSlots\":8,\"updateBy\":\"admin\",\"updateTime\":\"2024-10-28 14:02:05\"}','{\"msg\":\"操作失败\",\"code\":500}',0,NULL,'2024-10-28 14:02:05',300),(151,'充电宝柜机',2,'com.share.device.controller.CabinetController.edit()','PUT',1,'admin',NULL,'/cabinet','127.0.0.1','','{\"availableSlots\":8,\"cabinetNo\":\"xgxgxxxg\",\"cabinetTypeId\":2,\"createBy\":\"admin\",\"createTime\":\"2024-10-23 10:47:36\",\"delFlag\":\"0\",\"description\":\"硅谷八口机柜\",\"id\":1,\"locationId\":1,\"name\":\"硅谷八口机柜\",\"params\":{},\"status\":\"0\",\"totalSlots\":8,\"updateBy\":\"admin\",\"updateTime\":\"2024-10-28 14:02:44\"}','{\"msg\":\"操作成功\",\"code\":200}',0,NULL,'2024-10-28 14:02:44',339),(152,'充电宝',1,'com.share.device.controller.PowerBankController.add()','POST',1,'admin',NULL,'/powerBank','127.0.0.1','','{\"params\":{}}',NULL,1,'\r\n### Error updating database.  Cause: java.sql.SQLSyntaxErrorException: You have an error in your SQL syntax; check the manual that corresponds to your MySQL server version for the right syntax to use near \'\' at line 1\r\n### The error may exist in com/share/device/mapper/PowerBankMapper.java (best guess)\r\n### The error may involve com.share.device.mapper.PowerBankMapper.insert-Inline\r\n### The error occurred while setting parameters\r\n### SQL: INSERT INTO power_bank    VALUES\r\n### Cause: java.sql.SQLSyntaxErrorException: You have an error in your SQL syntax; check the manual that corresponds to your MySQL server version for the right syntax to use near \'\' at line 1\n; bad SQL grammar []','2024-10-28 14:18:41',208),(153,'充电宝',1,'com.share.device.controller.PowerBankController.add()','POST',1,'admin',NULL,'/powerBank','127.0.0.1','','{\"description\":\"硅谷001\",\"id\":1,\"params\":{},\"powerBankNo\":\"gg001\"}','{\"msg\":\"操作成功\",\"code\":200}',0,NULL,'2024-10-28 14:37:14',114),(154,'充电宝',1,'com.share.device.controller.PowerBankController.add()','POST',1,'admin',NULL,'/powerBank','127.0.0.1','','{\"createBy\":\"admin\",\"createTime\":\"2024-10-28 14:41:45\",\"description\":\"gg002\",\"id\":2,\"params\":{},\"powerBankNo\":\"gg002\"}','{\"msg\":\"操作成功\",\"code\":200}',0,NULL,'2024-10-28 14:41:45',153),(155,'站点',2,'com.share.device.controller.StationController.edit()','PUT',1,'admin',NULL,'/station','127.0.0.1','','{\"address\":\"万科街4号1栋\",\"businessHours\":\"每天8:00 到 20:00\",\"cabinetId\":1,\"cityCode\":\"110100\",\"createTime\":\"2024-10-24 09:55:14\",\"delFlag\":\"0\",\"districtCode\":\"110105\",\"feeRuleId\":1,\"fullAddress\":\"北京市北京市朝阳区万科街4号1栋\",\"headName\":\"张三\",\"headPhone\":\"15236526352\",\"id\":1,\"imageUrl\":\"http://139.198.127.41:9000/sph/20240202/web.jpg\",\"latitude\":40.0163422,\"longitude\":116.3476897,\"name\":\"昭觉寺南鸡公煲\",\"params\":{},\"provinceCode\":\"110000\",\"status\":\"1\",\"updateTime\":\"2024-10-28 09:52:14\"}','{\"msg\":\"操作成功\",\"code\":200}',0,NULL,'2024-10-29 08:59:14',127),(156,'站点',2,'com.share.device.controller.StationController.edit()','PUT',1,'admin',NULL,'/station','127.0.0.1','','{\"address\":\"北京市东城区万科街4号1栋\",\"businessHours\":\"每天8:00 到 20:00\",\"cityCode\":\"110100\",\"createTime\":\"2024-10-24 10:20:59\",\"delFlag\":\"0\",\"districtCode\":\"110102\",\"fullAddress\":\"北京市北京市西城区北京市东城区万科街4号1栋\",\"headName\":\"订单\",\"headPhone\":\"142343\",\"id\":2,\"imageUrl\":\"http://139.198.127.41:9000/sph/20240812/xq_banner.pic.jpg\",\"latitude\":40.0516577,\"longitude\":116.3716804,\"name\":\"北京东城区面点\",\"params\":{},\"provinceCode\":\"110000\",\"status\":\"1\",\"updateTime\":\"2024-10-28 09:52:17\"}','{\"msg\":\"操作成功\",\"code\":200}',0,NULL,'2024-10-29 09:03:43',58),(157,'站点',2,'com.share.device.controller.StationController.edit()','PUT',1,'admin',NULL,'/station','127.0.0.1','','{\"address\":\"北京市东城区万科街4号1栋\",\"businessHours\":\"每天8:00 到 20:00\",\"cityCode\":\"110100\",\"createTime\":\"2024-10-24 10:20:59\",\"delFlag\":\"0\",\"districtCode\":\"110102\",\"fullAddress\":\"北京市北京市西城区北京市东城区万科街4号1栋\",\"headName\":\"订单\",\"headPhone\":\"142343\",\"id\":2,\"imageUrl\":\"http://139.198.127.41:9000/sph/20240812/xq_banner.pic.jpg\",\"latitude\":40.0516577,\"longitude\":116.3716804,\"name\":\"北京东城区面点\",\"params\":{},\"provinceCode\":\"110000\",\"status\":\"1\",\"updateTime\":\"2024-10-28 09:52:17\"}','{\"msg\":\"操作成功\",\"code\":200}',0,NULL,'2024-10-29 09:03:48',56),(158,'站点',2,'com.share.device.controller.StationController.edit()','PUT',1,'admin',NULL,'/station','127.0.0.1','','{\"address\":\"北京市东城区万科街4号1栋\",\"businessHours\":\"每天8:00 到 20:00\",\"cityCode\":\"110100\",\"createTime\":\"2024-10-24 10:20:59\",\"delFlag\":\"0\",\"districtCode\":\"110102\",\"fullAddress\":\"北京市北京市西城区北京市东城区万科街4号1栋\",\"headName\":\"订单\",\"headPhone\":\"142343\",\"id\":2,\"imageUrl\":\"http://139.198.127.41:9000/sph/20240812/xq_banner.pic.jpg\",\"latitude\":40.0516577,\"longitude\":116.3716804,\"name\":\"北京东城区面点\",\"params\":{},\"provinceCode\":\"110000\",\"status\":\"1\",\"updateTime\":\"2024-10-28 09:52:17\"}','{\"msg\":\"操作成功\",\"code\":200}',0,NULL,'2024-10-29 09:04:28',57),(159,'代码生成',6,'com.share.gen.controller.GenController.importTableSave()','POST',1,'admin',NULL,'/gen/importTable','127.0.0.1','','{\"tables\":\"cabinet\"}','{\"msg\":\"操作成功\",\"code\":200}',0,NULL,'2024-10-29 09:24:50',128),(160,'代码生成',6,'com.share.gen.controller.GenController.importTableSave()','POST',1,'admin',NULL,'/gen/importTable','127.0.0.1','','{\"tables\":\"order_info\"}','{\"msg\":\"操作成功\",\"code\":200}',0,NULL,'2024-10-29 09:57:52',121),(161,'充电宝',2,'com.share.device.controller.PowerBankController.edit()','PUT',1,'admin',NULL,'/powerBank','127.0.0.1','','{\"createBy\":\"admin\",\"createTime\":\"2024-10-28 14:41:45\",\"delFlag\":\"0\",\"description\":\"硅谷002\",\"electricity\":0,\"id\":2,\"params\":{},\"powerBankNo\":\"gg002\",\"status\":\"0\",\"updateBy\":\"admin\",\"updateTime\":\"2024-10-30 10:18:02\"}','{\"msg\":\"操作成功\",\"code\":200}',0,NULL,'2024-10-30 10:18:02',41),(162,'充电宝',1,'com.share.device.controller.PowerBankController.add()','POST',1,'admin',NULL,'/powerBank','127.0.0.1','','{\"createBy\":\"admin\",\"createTime\":\"2024-10-30 10:36:40\",\"description\":\"gg003\",\"id\":3,\"params\":{},\"powerBankNo\":\"gg003\"}','{\"msg\":\"操作成功\",\"code\":200}',0,NULL,'2024-10-30 10:36:41',109),(163,'充电宝',2,'com.share.device.controller.PowerBankController.edit()','PUT',1,'admin',NULL,'/powerBank','127.0.0.1','','{\"createBy\":\"admin\",\"createTime\":\"2024-10-30 10:36:41\",\"delFlag\":\"0\",\"description\":\"硅谷003\",\"electricity\":0,\"id\":3,\"params\":{},\"powerBankNo\":\"gg003\",\"status\":\"0\",\"updateBy\":\"admin\",\"updateTime\":\"2024-10-30 10:36:47\"}','{\"msg\":\"操作成功\",\"code\":200}',0,NULL,'2024-10-30 10:36:48',22),(164,'充电宝',1,'com.share.device.controller.PowerBankController.add()','POST',1,'admin',NULL,'/powerBank','127.0.0.1','','{\"createBy\":\"admin\",\"createTime\":\"2024-10-30 10:37:03\",\"description\":\"硅谷004\",\"id\":4,\"params\":{},\"powerBankNo\":\"gg004\"}','{\"msg\":\"操作成功\",\"code\":200}',0,NULL,'2024-10-30 10:37:03',6),(165,'充电宝',1,'com.share.device.controller.PowerBankController.add()','POST',1,'admin',NULL,'/powerBank','127.0.0.1','','{\"createBy\":\"admin\",\"createTime\":\"2024-10-30 13:53:53\",\"description\":\"硅谷004\",\"id\":5,\"params\":{},\"powerBankNo\":\"gg004\"}','{\"msg\":\"操作成功\",\"code\":200}',0,NULL,'2024-10-30 13:53:54',57),(166,'充电宝',2,'com.share.device.controller.PowerBankController.edit()','PUT',1,'admin',NULL,'/powerBank','127.0.0.1','','{\"createBy\":\"admin\",\"createTime\":\"2024-10-30 13:53:54\",\"delFlag\":\"0\",\"description\":\"硅谷005\",\"electricity\":0,\"id\":5,\"params\":{},\"powerBankNo\":\"gg005\",\"status\":\"0\",\"updateBy\":\"admin\",\"updateTime\":\"2024-10-30 13:54:00\"}','{\"msg\":\"操作成功\",\"code\":200}',0,NULL,'2024-10-30 13:54:00',11),(167,'站点',2,'com.share.device.controller.StationController.edit()','PUT',1,'admin',NULL,'/station','127.0.0.1','','{\"address\":\"万科街4号1栋\",\"businessHours\":\"每天8:00 到 20:00\",\"cabinetId\":1,\"cityCode\":\"110100\",\"createTime\":\"2024-10-24 09:55:14\",\"delFlag\":\"0\",\"districtCode\":\"110105\",\"feeRuleId\":1,\"fullAddress\":\"北京市北京市朝阳区万科街4号1栋\",\"headName\":\"张三\",\"headPhone\":\"15236526352\",\"id\":1,\"imageUrl\":\"http://139.198.127.41:9000/sph/20240202/web.jpg\",\"latitude\":40.0163422,\"longitude\":116.3476897,\"name\":\"昭觉寺南鸡公煲\",\"params\":{},\"provinceCode\":\"110000\",\"status\":\"1\",\"updateTime\":\"2024-10-28 09:52:14\"}','{\"msg\":\"操作成功\",\"code\":200}',0,NULL,'2024-11-05 14:06:21',198),(168,'站点',2,'com.share.device.controller.StationController.edit()','PUT',1,'admin',NULL,'/station','127.0.0.1','','{\"address\":\"北京市东城区万科街4号1栋\",\"businessHours\":\"每天8:00 到 20:00\",\"cityCode\":\"110100\",\"createTime\":\"2024-10-24 10:20:59\",\"delFlag\":\"0\",\"districtCode\":\"110102\",\"fullAddress\":\"北京市北京市西城区北京市东城区万科街4号1栋\",\"headName\":\"订单\",\"headPhone\":\"142343\",\"id\":2,\"imageUrl\":\"http://139.198.127.41:9000/sph/20240812/xq_banner.pic.jpg\",\"latitude\":40.0516577,\"longitude\":116.3716804,\"name\":\"北京东城区面点\",\"params\":{},\"provinceCode\":\"110000\",\"status\":\"1\",\"updateTime\":\"2024-10-28 09:52:17\"}','{\"msg\":\"操作成功\",\"code\":200}',0,NULL,'2024-11-05 14:06:24',84),(169,'充电宝柜机',5,'com.share.device.controller.CabinetController.export()','POST',1,'admin',NULL,'/cabinet/export','127.0.0.1','','{\"pageSize\":\"10\",\"pageNum\":\"1\"}',NULL,0,NULL,'2024-11-05 14:21:34',1016),(170,'柜机类型',2,'com.share.device.controller.CabinetTypeController.edit()','PUT',1,'admin',NULL,'/cabinetType','127.0.0.1','','{\"createBy\":\"\",\"createTime\":\"2024-10-23 09:53:56\",\"delFlag\":\"0\",\"description\":\"十二口柜机\",\"id\":3,\"name\":\"十二口柜机\",\"params\":{},\"status\":\"1\",\"totalSlots\":12,\"updateBy\":\"\"}','{\"msg\":\"操作成功\",\"code\":200}',0,NULL,'2024-11-07 09:35:04',48),(171,'充电宝柜机',2,'com.share.device.controller.CabinetController.edit()','PUT',1,'admin',NULL,'/cabinet','127.0.0.1','','{\"availableNum\":5,\"cabinetNo\":\"gj001\",\"cabinetTypeId\":2,\"createBy\":\"admin\",\"createTime\":\"2024-10-23 10:47:36\",\"delFlag\":\"0\",\"description\":\"硅谷八口机柜\",\"freeSlots\":3,\"id\":1,\"locationId\":1,\"name\":\"硅谷八口机柜\",\"params\":{},\"status\":\"0\",\"totalSlots\":8,\"updateBy\":\"admin\",\"updateTime\":\"2024-11-07 09:49:57\",\"usedSlots\":5}','{\"msg\":\"操作成功\",\"code\":200}',0,NULL,'2024-11-07 09:49:57',48),(172,'充电宝柜机',2,'com.share.device.controller.CabinetController.edit()','PUT',1,'admin',NULL,'/cabinet','127.0.0.1','','{\"availableNum\":0,\"cabinetNo\":\"gj002\",\"cabinetTypeId\":3,\"createBy\":\"admin\",\"createTime\":\"2024-10-28 09:20:05\",\"delFlag\":\"0\",\"description\":\"硅谷十二口机柜001\",\"freeSlots\":12,\"id\":2,\"locationId\":1,\"name\":\"硅谷十二口机柜001\",\"params\":{},\"status\":\"0\",\"totalSlots\":12,\"updateBy\":\"admin\",\"updateTime\":\"2024-11-07 09:50:08\",\"usedSlots\":0}','{\"msg\":\"操作成功\",\"code\":200}',0,NULL,'2024-11-07 09:50:08',37),(173,'站点',2,'com.share.device.controller.StationController.setData()','POST',1,'admin',NULL,'/station/setData','127.0.0.1','','{\"cabinetId\":2,\"feeRuleId\":1,\"id\":2,\"params\":{}}','{\"msg\":\"操作成功\",\"code\":200}',0,NULL,'2024-11-07 09:52:51',23),(174,'站点',2,'com.share.device.controller.StationController.edit()','PUT',1,'admin',NULL,'/station','127.0.0.1','','{\"address\":\"万科街4号1栋\",\"businessHours\":\"每天8:00 到 20:00\",\"cabinetId\":1,\"cityCode\":\"110100\",\"createTime\":\"2024-10-24 09:55:14\",\"delFlag\":\"0\",\"districtCode\":\"110105\",\"feeRuleId\":1,\"fullAddress\":\"北京市北京市朝阳区万科街4号1栋\",\"headName\":\"张三\",\"headPhone\":\"15236526352\",\"id\":1,\"imageUrl\":\"http://139.198.127.41:9000/sph/20240202/web.jpg\",\"latitude\":40.0163422,\"longitude\":116.3476897,\"name\":\"昭觉寺南鸡公煲\",\"params\":{},\"provinceCode\":\"110000\",\"status\":\"1\",\"updateTime\":\"2024-10-28 09:52:14\"}','{\"msg\":\"操作成功\",\"code\":200}',0,NULL,'2024-11-07 09:53:34',197),(175,'站点',2,'com.share.device.controller.StationController.edit()','PUT',1,'admin',NULL,'/station','127.0.0.1','','{\"address\":\"北京市东城区万科街4号1栋\",\"businessHours\":\"每天8:00 到 20:00\",\"cabinetId\":2,\"cityCode\":\"110100\",\"createTime\":\"2024-10-24 10:20:59\",\"delFlag\":\"0\",\"districtCode\":\"110102\",\"feeRuleId\":1,\"fullAddress\":\"北京市北京市西城区北京市东城区万科街4号1栋\",\"headName\":\"订单\",\"headPhone\":\"142343\",\"id\":2,\"imageUrl\":\"http://139.198.127.41:9000/sph/20240812/xq_banner.pic.jpg\",\"latitude\":40.0516577,\"longitude\":116.3716804,\"name\":\"北京东城区面点\",\"params\":{},\"provinceCode\":\"110000\",\"status\":\"1\",\"updateTime\":\"2024-11-07 09:52:51\"}','{\"msg\":\"操作成功\",\"code\":200}',0,NULL,'2024-11-07 09:53:37',53),(176,'站点',2,'com.share.device.controller.StationController.edit()','PUT',1,'admin',NULL,'/station','127.0.0.1','','{\"address\":\"万科街4号1栋\",\"businessHours\":\"每天8:00 到 20:00\",\"cabinetId\":1,\"cityCode\":\"110100\",\"createTime\":\"2024-10-24 09:55:14\",\"delFlag\":\"0\",\"districtCode\":\"110105\",\"feeRuleId\":1,\"fullAddress\":\"北京市北京市朝阳区万科街4号1栋\",\"headName\":\"张三\",\"headPhone\":\"15236526352\",\"id\":1,\"imageUrl\":\"http://139.198.127.41:9000/sph/20240202/web.jpg\",\"latitude\":40.0163422,\"longitude\":116.3476897,\"name\":\"昭觉寺南鸡公煲\",\"params\":{},\"provinceCode\":\"110000\",\"status\":\"1\",\"updateTime\":\"2024-10-28 09:52:14\"}','{\"msg\":\"操作成功\",\"code\":200}',0,NULL,'2024-11-07 09:53:40',51),(177,'充电宝柜机',2,'com.share.device.controller.CabinetController.edit()','PUT',1,'admin',NULL,'/cabinet','127.0.0.1','','{\"availableNum\":0,\"cabinetNo\":\"gj002\",\"cabinetTypeId\":3,\"createBy\":\"admin\",\"createTime\":\"2024-10-28 09:20:05\",\"delFlag\":\"0\",\"description\":\"硅谷十二口机柜001\",\"freeSlots\":12,\"id\":2,\"locationId\":1,\"name\":\"硅谷十二口机柜001\",\"params\":{},\"status\":\"0\",\"totalSlots\":12,\"updateBy\":\"admin\",\"updateTime\":\"2024-11-07 09:58:10\",\"usedSlots\":0}','{\"msg\":\"操作成功\",\"code\":200}',0,NULL,'2024-11-07 09:58:10',9),(178,'费用规则',2,'com.share.rules.controller.FeeRuleController.edit()','PUT',1,'admin',NULL,'/feeRule','127.0.0.1','','{\"createTime\":\"2024-10-25 13:48:26\",\"delFlag\":\"0\",\"description\":\"费用规则1.0\",\"id\":1,\"name\":\"费用规则1.0\",\"params\":{},\"rule\":\"//package对应的不一定是真正的目录，可以任意写com.abc，同一个包下的drl文件可以相互访问\\npackage  com.share.rules\\n\\nimport com.share.rules.domain.vo.FeeRuleRequest;\\n\\nglobal com.share.rules.domain.vo.FeeRuleResponse feeRuleResponse;\\n\\n/**\\n1.起步价\\n    00:00:00-07:00:00  19元(含3公里)\\n    07:00:00-24:00:00  19元(含5公里)\\n*/\\nrule \\\"前5分钟免费\\\"\\n    salience 10          //指定优先级，数值越大优先级越高，不指定的情况下由上到下执行\\n    no-loop true         //防止陷入死循环\\n    when\\n        /*规则条件，到工作内存中查找FeeRuleRequest对象\\n        里面出来的结果只能是ture或者false\\n        $rule是绑定变量名，可以任意命名，官方推荐$符号，定义了绑定变量名，可以在then部分操作fact对象*/\\n        $rule:FeeRuleRequest(true)\\n    then\\n        feeRuleResponse.setFreeDescription(\\\"前5分钟免费\\\");\\n        feeRuleResponse.setTotalAmount(0.0);\\n        feeRuleResponse.setFreePrice(0.0);\\n        feeRuleResponse.setExceedPrice(0.0);\\n        System.out.println(\\\"前5分钟免费\\\");\\nend\\nrule \\\"每1小时3元，24小时35\\\"\\n    salience 10          //指定优先级，数值越大优先级越高，不指定的情况下由上到下执行\\n    no-loop true         //防止陷入死循环\\n    when\\n        /*规则条件，到工作内存中查找FeeRuleRequest对象\\n        里面出来的结果只能是ture或者false\\n        $rule是绑定变量名，可以任意命名，官方推荐$符号，定义了绑定变量名，可以在then部分操作fact对象*/\\n        $rule:FeeRuleRequest(durations &gt; 5 && (durations - 5)  35.0) {\\n            exceedPrice = 35.0;\\n        }\\n        feeRuleResponse.setFreeDescription(\\\"前5分钟免费\\\");\\n        feeRuleResponse.setTotalAmount(exceedPrice);\\n        feeRuleResponse.setFreePrice(0.0);\\n        feeRuleResponse.setExceedPrice(exceedPrice);\\n        int minute = $rule.getDurations() - 5;\\n        feeRuleResponse.setFreeDescription(\\\"去除免费时长5分钟，计费时长：\\\"+ minute + \\\"分钟\\\");\\n        System.out.println(\\\"24小时内费用：\\\" + exceedPrice + \\\"元\\\");\\nend\\n\\nrule \\\"超24小时99元\\\"\\n    salience 10          //指定优先级，数值越大优先级越高，不指定的情况下由上到下执行\\n    no-loop true         //防止陷入死循环\\n    when\\n        /*规则条件，到工作内存中查找FeeRuleRequest对象\\n        里面出来的结果只能是ture或者false\\n        $rule是绑定变量名，可以任意命名，官方推荐$符号，定义了绑定变量名，可以在then部分操作fact对象','{\"msg\":\"操作成功\",\"code\":200}',0,NULL,'2024-11-07 10:59:32',57),(179,'费用规则',2,'com.share.rules.controller.FeeRuleController.edit()','PUT',1,'admin',NULL,'/feeRule','127.0.0.1','','{\"createTime\":\"2024-10-25 13:48:26\",\"delFlag\":\"0\",\"description\":\"费用规则1.0\",\"id\":1,\"name\":\"费用规则1.0\",\"params\":{},\"rule\":\"//package对应的不一定是真正的目录，可以任意写com.abc，同一个包下的drl文件可以相互访问\\npackage  com.share.rules\\n\\nimport com.share.rules.domain.vo.FeeRuleRequest;\\n\\nglobal com.share.rules.domain.vo.FeeRuleResponse feeRuleResponse;\\n\\n/**\\n1.起步价\\n    00:00:00-07:00:00  19元(含3公里)\\n    07:00:00-24:00:00  19元(含5公里)\\n*/\\nrule \\\"前2分钟免费\\\"\\n    salience 10          //指定优先级，数值越大优先级越高，不指定的情况下由上到下执行\\n    no-loop true         //防止陷入死循环\\n    when\\n        /*规则条件，到工作内存中查找FeeRuleRequest对象\\n        里面出来的结果只能是ture或者false\\n        $rule是绑定变量名，可以任意命名，官方推荐$符号，定义了绑定变量名，可以在then部分操作fact对象*/\\n        $rule:FeeRuleRequest(true)\\n    then\\n        feeRuleResponse.setFreeDescription(\\\"前2分钟免费\\\");\\n        feeRuleResponse.setTotalAmount(0.0);\\n        feeRuleResponse.setFreePrice(0.0);\\n        feeRuleResponse.setExceedPrice(0.0);\\n        System.out.println(\\\"前5分钟免费\\\");\\nend\\nrule \\\"每1小时3元，24小时35\\\"\\n    salience 10          //指定优先级，数值越大优先级越高，不指定的情况下由上到下执行\\n    no-loop true         //防止陷入死循环\\n    when\\n        /*规则条件，到工作内存中查找FeeRuleRequest对象\\n        里面出来的结果只能是ture或者false\\n        $rule是绑定变量名，可以任意命名，官方推荐$符号，定义了绑定变量名，可以在then部分操作fact对象*/\\n        $rule:FeeRuleRequest(durations &gt; 2 && (durations -2)  35.0) {\\n            exceedPrice = 35.0;\\n        }\\n        feeRuleResponse.setFreeDescription(\\\"前5分钟免费\\\");\\n        feeRuleResponse.setTotalAmount(exceedPrice);\\n        feeRuleResponse.setFreePrice(0.0);\\n        feeRuleResponse.setExceedPrice(exceedPrice);\\n        int minute = $rule.getDurations() - 2;\\n        feeRuleResponse.setFreeDescription(\\\"去除免费时长2分钟，计费时长：\\\"+ minute + \\\"分钟\\\");\\n        System.out.println(\\\"24小时内费用：\\\" + exceedPrice + \\\"元\\\");\\nend\\n\\nrule \\\"超24小时99元\\\"\\n    salience 10          //指定优先级，数值越大优先级越高，不指定的情况下由上到下执行\\n    no-loop true         //防止陷入死循环\\n    when\\n        /*规则条件，到工作内存中查找FeeRuleRequest对象\\n        里面出来的结果只能是ture或者false\\n        $rule是绑定变量名，可以任意命名，官方推荐$符号，定义了绑定变量名，可以在then部分操作fact对象*','{\"msg\":\"操作成功\",\"code\":200}',0,NULL,'2024-11-07 11:03:49',40),(180,'费用规则',2,'com.share.rules.controller.FeeRuleController.edit()','PUT',1,'admin',NULL,'/feeRule','127.0.0.1','','{\"createTime\":\"2024-10-25 13:48:26\",\"delFlag\":\"0\",\"description\":\"前2分钟免费，每1小时3元，24小时35，超24小时99元\",\"id\":1,\"name\":\"费用规则1.0\",\"params\":{},\"rule\":\"//package对应的不一定是真正的目录，可以任意写com.abc，同一个包下的drl文件可以相互访问\\npackage  com.share.rules\\n\\nimport com.share.rules.domain.vo.FeeRuleRequest;\\n\\nglobal com.share.rules.domain.vo.FeeRuleResponse feeRuleResponse;\\n\\n/**\\n1.起步价\\n    00:00:00-07:00:00  19元(含3公里)\\n    07:00:00-24:00:00  19元(含5公里)\\n*/\\nrule \\\"前2分钟免费\\\"\\n    salience 10          //指定优先级，数值越大优先级越高，不指定的情况下由上到下执行\\n    no-loop true         //防止陷入死循环\\n    when\\n        /*规则条件，到工作内存中查找FeeRuleRequest对象\\n        里面出来的结果只能是ture或者false\\n        $rule是绑定变量名，可以任意命名，官方推荐$符号，定义了绑定变量名，可以在then部分操作fact对象*/\\n        $rule:FeeRuleRequest(true)\\n    then\\n        feeRuleResponse.setFreeDescription(\\\"前2分钟免费\\\");\\n        feeRuleResponse.setTotalAmount(0.0);\\n        feeRuleResponse.setFreePrice(0.0);\\n        feeRuleResponse.setExceedPrice(0.0);\\n        System.out.println(\\\"前5分钟免费\\\");\\nend\\nrule \\\"每1小时3元，24小时35\\\"\\n    salience 10          //指定优先级，数值越大优先级越高，不指定的情况下由上到下执行\\n    no-loop true         //防止陷入死循环\\n    when\\n        /*规则条件，到工作内存中查找FeeRuleRequest对象\\n        里面出来的结果只能是ture或者false\\n        $rule是绑定变量名，可以任意命名，官方推荐$符号，定义了绑定变量名，可以在then部分操作fact对象*/\\n        $rule:FeeRuleRequest(durations &gt; 2 && (durations -2)  35.0) {\\n            exceedPrice = 35.0;\\n        }\\n        feeRuleResponse.setFreeDescription(\\\"前5分钟免费\\\");\\n        feeRuleResponse.setTotalAmount(exceedPrice);\\n        feeRuleResponse.setFreePrice(0.0);\\n        feeRuleResponse.setExceedPrice(exceedPrice);\\n        int minute = $rule.getDurations() - 2;\\n        feeRuleResponse.setFreeDescription(\\\"去除免费时长2分钟，计费时长：\\\"+ minute + \\\"分钟\\\");\\n        System.out.println(\\\"24小时内费用：\\\" + exceedPrice + \\\"元\\\");\\nend\\n\\nrule \\\"超24小时99元\\\"\\n    salience 10          //指定优先级，数值越大优先级越高，不指定的情况下由上到下执行\\n    no-loop true         //防止陷入死循环\\n    when\\n        /*规则条件，到工作内存中查找FeeRuleRequest对象\\n        里面出来的结果只能是ture或者false\\n        $rule是绑定变量名，可以任意命名，官方推荐$符号，定义了绑定','{\"msg\":\"操作成功\",\"code\":200}',0,NULL,'2024-11-07 11:04:25',9),(181,'费用规则',2,'com.share.rules.controller.FeeRuleController.edit()','PUT',1,'admin',NULL,'/feeRule','127.0.0.1','','{\"createTime\":\"2024-10-25 13:48:26\",\"delFlag\":\"0\",\"description\":\"前2分钟免费，每1小时3元，24小时35，超24小时99元\",\"id\":1,\"name\":\"费用规则1.0\",\"params\":{},\"rule\":\"//package对应的不一定是真正的目录，可以任意写com.abc，同一个包下的drl文件可以相互访问\\npackage  com.share.rules\\n\\nimport com.share.rules.domain.vo.FeeRuleRequest;\\n\\nglobal com.share.rules.domain.vo.FeeRuleResponse feeRuleResponse;\\n\\n/**\\n1.起步价\\n    00:00:00-07:00:00  19元(含3公里)\\n    07:00:00-24:00:00  19元(含5公里)\\n*/\\nrule \\\"前2分钟免费\\\"\\n    salience 10          //指定优先级，数值越大优先级越高，不指定的情况下由上到下执行\\n    no-loop true         //防止陷入死循环\\n    when\\n        /*规则条件，到工作内存中查找FeeRuleRequest对象\\n        里面出来的结果只能是ture或者false\\n        $rule是绑定变量名，可以任意命名，官方推荐$符号，定义了绑定变量名，可以在then部分操作fact对象*/\\n        $rule:FeeRuleRequest(2==2)\\n    then\\n        feeRuleResponse.setFreeDescription(\\\"前2分钟免费\\\");\\n        feeRuleResponse.setTotalAmount(0.0);\\n        feeRuleResponse.setFreePrice(0.0);\\n        feeRuleResponse.setExceedPrice(0.0);\\n        System.out.println(\\\"前2分钟免费\\\");\\nend\\nrule \\\"每1小时3元，24小时35\\\"\\n    salience 10          //指定优先级，数值越大优先级越高，不指定的情况下由上到下执行\\n    no-loop true         //防止陷入死循环\\n    when\\n        /*规则条件，到工作内存中查找FeeRuleRequest对象\\n        里面出来的结果只能是ture或者false\\n        $rule是绑定变量名，可以任意命名，官方推荐$符号，定义了绑定变量名，可以在then部分操作fact对象*/\\n        $rule:FeeRuleRequest(durations &gt; 2 && (durations - 2)  35.0) {\\n            exceedPrice = 35.0;\\n        }\\n        feeRuleResponse.setFreeDescription(\\\"前2分钟免费\\\");\\n        feeRuleResponse.setTotalAmount(exceedPrice);\\n        feeRuleResponse.setFreePrice(0.0);\\n        feeRuleResponse.setExceedPrice(exceedPrice);\\n        int minute = $rule.getDurations() - 2;\\n        feeRuleResponse.setExceedDescription(\\\"去除免费时长2分钟，计费时长：\\\"+ minute + \\\"分钟\\\");\\n        System.out.println(\\\"24小时内费用：\\\" + exceedPrice + \\\"元\\\");\\nend\\n\\nrule \\\"超24小时99元\\\"\\n    salience 10          //指定优先级，数值越大优先级越高，不指定的情况下由上到下执行\\n    no-loop true         //防止陷入死循环\\n    when\\n        /*规则条件，到工作内存中查找FeeRuleRequest对象\\n        里面出来的结果只能是ture或者false\\n        $rule是绑定变量名，可以任意命名，官方推荐$符号，定义','{\"msg\":\"操作成功\",\"code\":200}',0,NULL,'2024-11-07 11:08:12',55),(182,'费用规则',2,'com.share.rules.controller.FeeRuleController.edit()','PUT',1,'admin',NULL,'/feeRule','127.0.0.1','','{\"createTime\":\"2024-10-25 13:48:26\",\"delFlag\":\"0\",\"description\":\"前2分钟免费，每1小时3元，24小时35，超24小时99元\",\"id\":1,\"name\":\"费用规则1.0\",\"params\":{},\"rule\":\"//package对应的不一定是真正的目录，可以任意写com.abc，同一个包下的drl文件可以相互访问\\npackage  com.share.rules\\n\\nimport com.share.rules.domain.vo.FeeRuleRequest;\\n\\nglobal com.share.rules.domain.vo.FeeRuleResponse feeRuleResponse;\\n\\n/**\\n1.起步价\\n    00:00:00-07:00:00  19元(含3公里)\\n    07:00:00-24:00:00  19元(含5公里)\\n*/\\nrule \\\"前2分钟免费\\\"\\n    salience 10          //指定优先级，数值越大优先级越高，不指定的情况下由上到下执行\\n    no-loop true         //防止陷入死循环\\n    when\\n        /*规则条件，到工作内存中查找FeeRuleRequest对象\\n        里面出来的结果只能是ture或者false\\n        $rule是绑定变量名，可以任意命名，官方推荐$符号，定义了绑定变量名，可以在then部分操作fact对象*/\\n        $rule:FeeRuleRequest(durations &gt; 0)\\n    then\\n        feeRuleResponse.setFreeDescription(\\\"前2分钟免费\\\");\\n        feeRuleResponse.setTotalAmount(0.0);\\n        feeRuleResponse.setFreePrice(0.0);\\n        feeRuleResponse.setExceedPrice(0.0);\\n        System.out.println(\\\"前2分钟免费\\\");\\nend\\nrule \\\"每1小时3元，24小时35\\\"\\n    salience 10          //指定优先级，数值越大优先级越高，不指定的情况下由上到下执行\\n    no-loop true         //防止陷入死循环\\n    when\\n        /*规则条件，到工作内存中查找FeeRuleRequest对象\\n        里面出来的结果只能是ture或者false\\n        $rule是绑定变量名，可以任意命名，官方推荐$符号，定义了绑定变量名，可以在then部分操作fact对象*/\\n        $rule:FeeRuleRequest(durations &gt; 2 && (durations - 2)  35.0) {\\n            exceedPrice = 35.0;\\n        }\\n        feeRuleResponse.setFreeDescription(\\\"前2分钟免费\\\");\\n        feeRuleResponse.setTotalAmount(exceedPrice);\\n        feeRuleResponse.setFreePrice(0.0);\\n        feeRuleResponse.setExceedPrice(exceedPrice);\\n        int minute = $rule.getDurations() - 2;\\n        feeRuleResponse.setExceedDescription(\\\"去除免费时长2分钟，计费时长：\\\"+ minute + \\\"分钟\\\");\\n        System.out.println(\\\"24小时内费用：\\\" + exceedPrice + \\\"元\\\");\\nend\\n\\nrule \\\"超24小时99元\\\"\\n    salience 10          //指定优先级，数值越大优先级越高，不指定的情况下由上到下执行\\n    no-loop true         //防止陷入死循环\\n    when\\n        /*规则条件，到工作内存中查找FeeRuleRequest对象\\n        里面出来的结果只能是ture或者false\\n        $rule是绑定变量名，可以任意命','{\"msg\":\"操作成功\",\"code\":200}',0,NULL,'2024-11-07 11:10:21',8),(183,'费用规则',2,'com.share.rules.controller.FeeRuleController.edit()','PUT',1,'admin',NULL,'/feeRule','127.0.0.1','','{\"createTime\":\"2024-10-25 13:48:26\",\"delFlag\":\"0\",\"description\":\"前2分钟免费，每1小时3元，24小时35，超24小时99元\",\"id\":1,\"name\":\"费用规则1.0\",\"params\":{},\"rule\":\"//package对应的不一定是真正的目录，可以任意写com.abc，同一个包下的drl文件可以相互访问\\npackage  com.share.rules\\n\\nimport com.share.rules.domain.vo.FeeRuleRequest;\\n\\nglobal com.share.rules.domain.vo.FeeRuleResponse feeRuleResponse;\\n\\nrule \\\"前5分钟免费\\\"\\n    salience 10          //指定优先级，数值越大优先级越高，不指定的情况下由上到下执行\\n    no-loop true         //防止陷入死循环\\n    when\\n        /*规则条件，到工作内存中查找FeeRuleRequest对象\\n        里面出来的结果只能是ture或者false\\n        $rule是绑定变量名，可以任意命名，官方推荐$符号，定义了绑定变量名，可以在then部分操作fact对象*/\\n        $rule:FeeRuleRequest(durations &gt; 0)\\n    then\\n        feeRuleResponse.setFreeDescription(\\\"前5分钟免费\\\");\\n        feeRuleResponse.setTotalAmount(0.0);\\n        feeRuleResponse.setFreePrice(0.0);\\n        feeRuleResponse.setExceedPrice(0.0);\\n        System.out.println(\\\"前5分钟免费\\\");\\nend\\nrule \\\"每1小时3元，24小时35\\\"\\n    salience 10          //指定优先级，数值越大优先级越高，不指定的情况下由上到下执行\\n    no-loop true         //防止陷入死循环\\n    when\\n        /*规则条件，到工作内存中查找FeeRuleRequest对象\\n        里面出来的结果只能是ture或者false\\n        $rule是绑定变量名，可以任意命名，官方推荐$符号，定义了绑定变量名，可以在then部分操作fact对象*/\\n        $rule:FeeRuleRequest(durations &gt; 5 && (durations - 5)  35.0) {\\n            exceedPrice = 35.0;\\n        }\\n        feeRuleResponse.setFreeDescription(\\\"前5分钟免费\\\");\\n        feeRuleResponse.setTotalAmount(exceedPrice);\\n        feeRuleResponse.setFreePrice(0.0);\\n        feeRuleResponse.setExceedPrice(exceedPrice);\\n        int minute = $rule.getDurations() - 5;\\n        feeRuleResponse.setExceedDescription(\\\"去除免费时长5分钟，计费时长：\\\"+ minute + \\\"分钟\\\");\\n        System.out.println(\\\"24小时内费用：\\\" + exceedPrice + \\\"元\\\");\\nend\\n\\nrule \\\"超24小时99元\\\"\\n    salience 10          //指定优先级，数值越大优先级越高，不指定的情况下由上到下执行\\n    no-loop true         //防止陷入死循环\\n    when\\n        /*规则条件，到工作内存中查找FeeRuleRequest对象\\n        里面出来的结果只能是ture或者false\\n        $rule是绑定变量名，可以任意命名，官方推荐$符号，定义了绑定变量名，可以在then部分操作fact对象*/\\n        $rule:FeeRuleRequest((durations - 5)','{\"msg\":\"操作成功\",\"code\":200}',0,NULL,'2024-11-07 11:12:27',7),(184,'费用规则',2,'com.share.rules.controller.FeeRuleController.edit()','PUT',1,'admin',NULL,'/feeRule','127.0.0.1','','{\"createTime\":\"2024-10-25 13:48:26\",\"delFlag\":\"0\",\"description\":\"前2分钟免费，每1小时3元，24小时35，超24小时99元\",\"id\":1,\"name\":\"费用规则1.0\",\"params\":{},\"rule\":\"//package对应的不一定是真正的目录，可以任意写com.abc，同一个包下的drl文件可以相互访问\\npackage  com.share.rules\\n\\nimport com.share.rules.domain.vo.FeeRuleRequest;\\n\\nglobal com.share.rules.domain.vo.FeeRuleResponse feeRuleResponse;\\n\\nrule \\\"前5分钟免费\\\"\\n    salience 10          //指定优先级，数值越大优先级越高，不指定的情况下由上到下执行\\n    no-loop true         //防止陷入死循环\\n    when\\n        /*规则条件，到工作内存中查找FeeRuleRequest对象\\n        里面出来的结果只能是ture或者false\\n        $rule是绑定变量名，可以任意命名，官方推荐$符号，定义了绑定变量名，可以在then部分操作fact对象*/\\n        $rule:FeeRuleRequest(durations &gt; 0)\\n    then\\n        feeRuleResponse.setFreeDescription(\\\"前5分钟免费\\\");\\n        feeRuleResponse.setTotalAmount(0.0);\\n        feeRuleResponse.setFreePrice(0.0);\\n        feeRuleResponse.setExceedPrice(0.0);\\n        System.out.println(\\\"前5分钟免费\\\");\\nend\\nrule \\\"每1小时3元，24小时35\\\"\\n    salience 10          //指定优先级，数值越大优先级越高，不指定的情况下由上到下执行\\n    no-loop true         //防止陷入死循环\\n    when\\n        /*规则条件，到工作内存中查找FeeRuleRequest对象\\n        里面出来的结果只能是ture或者false\\n        $rule是绑定变量名，可以任意命名，官方推荐$符号，定义了绑定变量名，可以在then部分操作fact对象*/\\n        $rule:FeeRuleRequest(durations &gt; 5 && (durations - 5)  35) {\\n            exceedPrice = 35;\\n        }\\n        feeRuleResponse.setFreeDescription(\\\"前5分钟免费\\\");\\n        feeRuleResponse.setTotalAmount(exceedPrice);\\n        feeRuleResponse.setFreePrice(0.0);\\n        feeRuleResponse.setExceedPrice(exceedPrice);\\n        int minute = $rule.getDurations() - 5;\\n        feeRuleResponse.setExceedDescription(\\\"去除免费时长5分钟，计费时长：\\\"+ minute + \\\"分钟\\\");\\n        System.out.println(\\\"24小时内费用：\\\" + exceedPrice + \\\"元\\\");\\nend\\n\\nrule \\\"超24小时99元\\\"\\n    salience 10          //指定优先级，数值越大优先级越高，不指定的情况下由上到下执行\\n    no-loop true         //防止陷入死循环\\n    when\\n        /*规则条件，到工作内存中查找FeeRuleRequest对象\\n        里面出来的结果只能是ture或者false\\n        $rule是绑定变量名，可以任意命名，官方推荐$符号，定义了绑定变量名，可以在then部分操作fact对象*/\\n        $rule:FeeRuleRequest((durations - 5) &gt','{\"msg\":\"操作成功\",\"code\":200}',0,NULL,'2024-11-07 11:27:52',85),(185,'柜机类型',5,'com.share.device.controller.CabinetTypeController.export()','POST',1,'admin',NULL,'/cabinetType/export','127.0.0.1','','{\"pageSize\":\"10\",\"pageNum\":\"1\"}',NULL,0,NULL,'2025-01-02 10:38:19',1250),(186,'柜机类型',5,'com.share.device.controller.CabinetTypeController.export()','POST',1,'admin',NULL,'/cabinetType/export','127.0.0.1','','{\"pageSize\":\"10\",\"pageNum\":\"1\"}',NULL,0,NULL,'2025-01-02 10:57:01',57),(187,'菜单管理',2,'com.share.system.controller.SysMenuController.edit()','PUT',1,'admin',NULL,'/menu','127.0.0.1','','{\"children\":[],\"component\":\"\",\"createTime\":\"2024-10-22 10:40:27\",\"icon\":\"swagger\",\"isCache\":\"0\",\"isFrame\":\"0\",\"menuId\":116,\"menuName\":\"系统接口\",\"menuType\":\"C\",\"orderNum\":3,\"params\":{},\"parentId\":3,\"path\":\"http://localhost:8080/doc.html\",\"perms\":\"tool:swagger:list\",\"query\":\"\",\"status\":\"0\",\"updateBy\":\"admin\",\"visible\":\"0\"}','{\"msg\":\"操作成功\",\"code\":200}',0,NULL,'2025-01-03 14:07:42',41),(188,'订单',5,'com.share.order.controller.OrderInfoController.export()','POST',1,'admin',NULL,'/orderInfo/export','127.0.0.1','','{\"pageSize\":\"10\",\"pageNum\":\"1\"}',NULL,0,NULL,'2025-01-07 14:44:40',1215),(189,'角色管理',1,'com.share.system.controller.SysRoleController.add()','POST',1,'admin',NULL,'/role','127.0.0.1','','{\"admin\":false,\"createBy\":\"admin\",\"deptCheckStrictly\":true,\"deptIds\":[],\"flag\":false,\"menuCheckStrictly\":true,\"menuIds\":[2006,1,100,1000,1001,1002,1003,1004,1005,1006,101,1007,1008,1009,1010,1011,102,1012,1013,1014,1015,103,1016,1017,1018,1019,104,1020,1021,1022,1023,1024,105,1025,1026,1027,1028,1029,106,1030,1031,1032,1033,1034,107,1035,1036,1037,1038,108,500,1039,1040,1041,501,1042,1043,1044,1045,2007,2031,2032,2033,2034,2035,2018,2019,2020,2021,2022,2023],\"params\":{},\"roleId\":100,\"roleKey\":\"sale\",\"roleName\":\"销售人员\",\"roleSort\":3,\"status\":\"0\"}','{\"msg\":\"操作成功\",\"code\":200}',0,NULL,'2025-02-17 10:27:32',79),(190,'用户管理',1,'com.share.system.controller.SysUserController.add()','POST',1,'admin',NULL,'/user','127.0.0.1','','{\"admin\":false,\"createBy\":\"admin\",\"deptId\":100,\"nickName\":\"atguigu\",\"params\":{},\"postIds\":[1],\"roleIds\":[100],\"sex\":\"0\",\"status\":\"0\",\"userId\":100,\"userName\":\"atguigu\"}','{\"msg\":\"操作成功\",\"code\":200}',0,NULL,'2025-02-17 10:28:31',126),(191,'角色管理',2,'com.share.system.controller.SysRoleController.edit()','PUT',1,'admin',NULL,'/role','127.0.0.1','','{\"admin\":false,\"createTime\":\"2025-02-17 10:27:32\",\"dataScope\":\"1\",\"delFlag\":\"0\",\"deptCheckStrictly\":true,\"flag\":false,\"menuCheckStrictly\":true,\"menuIds\":[2006,2007,1,100,1000,1001,1002,1003,1004,1005,1006,101,1007,1008,1009,1010,1011,102,1012,1013,1014,1015,103,1016,1017,1018,1019,104,1020,1021,1022,1023,1024,105,1025,1026,1027,1028,1029,106,1030,1031,1032,1033,1034,107,1035,1036,1037,1038,108,500,1039,1040,1041,501,1042,1043,1044,1045,2031,2033,2034,2035,2018,2019,2020,2021,2022,2023],\"params\":{},\"roleId\":100,\"roleKey\":\"sale\",\"roleName\":\"销售人员\",\"roleSort\":3,\"status\":\"0\",\"updateBy\":\"admin\"}','{\"msg\":\"操作成功\",\"code\":200}',0,NULL,'2025-02-17 10:31:35',43),(192,'柜机类型查询',0,'com.share.device.controller.CabinetTypeController.list()','GET',1,'atguigu',NULL,'/cabinetType/list','127.0.0.1','','{\"pageSize\":\"2\",\"pageNum\":\"1\"}','{\"code\":200,\"msg\":\"查询成功\",\"rows\":[{\"createBy\":\"\",\"createTime\":\"2024-10-23 09:53:56\",\"delFlag\":\"0\",\"description\":\"八口柜机1\",\"id\":1,\"name\":\"八口柜机1\",\"params\":{},\"status\":\"1\",\"totalSlots\":8,\"updateBy\":\"\"},{\"createBy\":\"\",\"createTime\":\"2024-10-23 09:53:56\",\"delFlag\":\"0\",\"description\":\"十二口柜机\",\"id\":2,\"name\":\"十二口柜机\",\"params\":{},\"status\":\"1\",\"totalSlots\":12,\"updateBy\":\"\"}],\"total\":2}',0,NULL,'2025-02-17 11:31:26',74),(193,'柜机类型查询',0,'com.share.device.controller.CabinetTypeController.list()','GET',1,'atguigu',NULL,'/cabinetType/list','127.0.0.1','','{\"pageSize\":\"2\",\"pageNum\":\"1\"}','{\"code\":200,\"msg\":\"查询成功\",\"rows\":[{\"createBy\":\"\",\"createTime\":\"2024-10-23 09:53:56\",\"delFlag\":\"0\",\"description\":\"八口柜机1\",\"id\":1,\"name\":\"八口柜机1\",\"params\":{},\"status\":\"1\",\"totalSlots\":8,\"updateBy\":\"\"},{\"createBy\":\"\",\"createTime\":\"2024-10-23 09:53:56\",\"delFlag\":\"0\",\"description\":\"十二口柜机\",\"id\":2,\"name\":\"十二口柜机\",\"params\":{},\"status\":\"1\",\"totalSlots\":12,\"updateBy\":\"\"}],\"total\":2}',0,NULL,'2025-02-17 11:31:28',12),(194,'柜机类型查询',0,'com.share.device.controller.CabinetTypeController.list()','GET',1,'atguigu',NULL,'/cabinetType/list','127.0.0.1','','{\"pageSize\":\"2\",\"pageNum\":\"1\"}','{\"code\":200,\"msg\":\"查询成功\",\"rows\":[{\"createBy\":\"\",\"createTime\":\"2024-10-23 09:53:56\",\"delFlag\":\"0\",\"description\":\"八口柜机1\",\"id\":1,\"name\":\"八口柜机1\",\"params\":{},\"status\":\"1\",\"totalSlots\":8,\"updateBy\":\"\"},{\"createBy\":\"\",\"createTime\":\"2024-10-23 09:53:56\",\"delFlag\":\"0\",\"description\":\"十二口柜机\",\"id\":2,\"name\":\"十二口柜机\",\"params\":{},\"status\":\"1\",\"totalSlots\":12,\"updateBy\":\"\"}],\"total\":2}',0,NULL,'2025-02-17 11:31:29',10),(195,'柜机类型查询',0,'com.share.device.controller.CabinetTypeController.list()','GET',1,'atguigu',NULL,'/cabinetType/list','127.0.0.1','','{\"name\":\"1\",\"pageSize\":\"2\",\"pageNum\":\"1\"}','{\"code\":200,\"msg\":\"查询成功\",\"rows\":[{\"createBy\":\"\",\"createTime\":\"2024-10-23 09:53:56\",\"delFlag\":\"0\",\"description\":\"八口柜机1\",\"id\":1,\"name\":\"八口柜机1\",\"params\":{},\"status\":\"1\",\"totalSlots\":8,\"updateBy\":\"\"}],\"total\":1}',0,NULL,'2025-02-17 11:31:31',17),(196,'柜机类型查询',0,'com.share.device.controller.CabinetTypeController.list()','GET',1,'atguigu',NULL,'/cabinetType/list','127.0.0.1','','{\"pageSize\":\"2\",\"pageNum\":\"1\"}','{\"code\":200,\"msg\":\"查询成功\",\"rows\":[{\"createBy\":\"\",\"createTime\":\"2024-10-23 09:53:56\",\"delFlag\":\"0\",\"description\":\"八口柜机1\",\"id\":1,\"name\":\"八口柜机1\",\"params\":{},\"status\":\"1\",\"totalSlots\":8,\"updateBy\":\"\"},{\"createBy\":\"\",\"createTime\":\"2024-10-23 09:53:56\",\"delFlag\":\"0\",\"description\":\"十二口柜机\",\"id\":2,\"name\":\"十二口柜机\",\"params\":{},\"status\":\"1\",\"totalSlots\":12,\"updateBy\":\"\"}],\"total\":2}',0,NULL,'2025-02-17 11:31:33',11),(197,'柜机类型查询',0,'com.share.device.controller.CabinetTypeController.list()','GET',1,'atguigu',NULL,'/cabinetType/list','127.0.0.1','','{\"pageSize\":\"2\",\"pageNum\":\"1\"}','{\"code\":200,\"msg\":\"查询成功\",\"rows\":[{\"createBy\":\"\",\"createTime\":\"2024-10-23 09:53:56\",\"delFlag\":\"0\",\"description\":\"八口柜机1\",\"id\":1,\"name\":\"八口柜机1\",\"params\":{},\"status\":\"1\",\"totalSlots\":8,\"updateBy\":\"\"},{\"createBy\":\"\",\"createTime\":\"2024-10-23 09:53:56\",\"delFlag\":\"0\",\"description\":\"十二口柜机\",\"id\":2,\"name\":\"十二口柜机\",\"params\":{},\"status\":\"1\",\"totalSlots\":12,\"updateBy\":\"\"}],\"total\":2}',0,NULL,'2025-02-17 11:31:33',6),(198,'代码生成',8,'com.share.gen.controller.GenController.batchGenCode()','GET',1,'admin',NULL,'/gen/batchGenCode','127.0.0.1','','{\"tables\":\"user_info\"}',NULL,0,NULL,'2025-02-17 11:57:28',307),(199,'菜单管理',1,'com.share.system.controller.SysMenuController.add()','POST',1,'admin',NULL,'/menu','127.0.0.1','','{\"children\":[],\"createBy\":\"admin\",\"icon\":\"build\",\"isCache\":\"0\",\"isFrame\":\"1\",\"menuName\":\"数据报表\",\"menuType\":\"M\",\"orderNum\":11,\"params\":{},\"parentId\":0,\"path\":\"sta\",\"status\":\"0\",\"visible\":\"0\"}','{\"msg\":\"操作成功\",\"code\":200}',0,NULL,'2025-03-07 20:08:38',28),(200,'菜单管理',2,'com.share.system.controller.SysMenuController.edit()','PUT',1,'admin',NULL,'/menu','127.0.0.1','','{\"children\":[],\"createTime\":\"2025-03-07 20:08:38\",\"icon\":\"build\",\"isCache\":\"0\",\"isFrame\":\"1\",\"menuId\":2059,\"menuName\":\"数据报表\",\"menuType\":\"M\",\"orderNum\":11,\"params\":{},\"parentId\":0,\"path\":\"sta\",\"perms\":\"\",\"status\":\"0\",\"updateBy\":\"admin\",\"visible\":\"0\"}','{\"msg\":\"操作成功\",\"code\":200}',0,NULL,'2025-03-07 20:08:46',22),(201,'菜单管理',1,'com.share.system.controller.SysMenuController.add()','POST',1,'admin',NULL,'/menu','127.0.0.1','','{\"children\":[],\"createBy\":\"admin\",\"icon\":\"chart\",\"isCache\":\"0\",\"isFrame\":\"1\",\"menuName\":\"用户报表\",\"menuType\":\"C\",\"orderNum\":1,\"params\":{},\"parentId\":2059,\"path\":\"sta\",\"status\":\"0\",\"visible\":\"0\"}','{\"msg\":\"操作成功\",\"code\":200}',0,NULL,'2025-03-07 20:09:30',10),(202,'菜单管理',2,'com.share.system.controller.SysMenuController.edit()','PUT',1,'admin',NULL,'/menu','127.0.0.1','','{\"children\":[],\"component\":\"stastics/user/index\",\"createTime\":\"2025-03-07 20:09:30\",\"icon\":\"chart\",\"isCache\":\"0\",\"isFrame\":\"1\",\"menuId\":2060,\"menuName\":\"用户报表\",\"menuType\":\"C\",\"orderNum\":1,\"params\":{},\"parentId\":2059,\"path\":\"usersta\",\"perms\":\"\",\"status\":\"0\",\"updateBy\":\"admin\",\"visible\":\"0\"}','{\"msg\":\"操作成功\",\"code\":200}',0,NULL,'2025-03-07 20:10:10',12),(203,'菜单管理',1,'com.share.system.controller.SysMenuController.add()','POST',1,'admin',NULL,'/menu','127.0.0.1','','{\"children\":[],\"component\":\"stastics/order/index\",\"createBy\":\"admin\",\"isCache\":\"0\",\"isFrame\":\"1\",\"menuName\":\"订单报表\",\"menuType\":\"C\",\"orderNum\":2,\"params\":{},\"parentId\":2059,\"path\":\"ordersta\",\"status\":\"0\",\"visible\":\"0\"}','{\"msg\":\"操作成功\",\"code\":200}',0,NULL,'2025-03-08 10:19:27',39),(204,'菜单管理',2,'com.share.system.controller.SysMenuController.edit()','PUT',1,'admin',NULL,'/menu','127.0.0.1','','{\"children\":[],\"component\":\"stastics/order/index\",\"createTime\":\"2025-03-08 10:19:27\",\"icon\":\"#\",\"isCache\":\"0\",\"isFrame\":\"1\",\"menuId\":2061,\"menuName\":\"订单报表\",\"menuType\":\"C\",\"orderNum\":2,\"params\":{},\"parentId\":2059,\"path\":\"ordersta\",\"perms\":\"\",\"status\":\"0\",\"updateBy\":\"admin\",\"visible\":\"0\"}','{\"msg\":\"操作成功\",\"code\":200}',0,NULL,'2025-03-08 10:19:41',23);

/*Table structure for table `sys_post` */

DROP TABLE IF EXISTS `sys_post`;

CREATE TABLE `sys_post` (
  `post_id` bigint NOT NULL AUTO_INCREMENT COMMENT '岗位ID',
  `post_code` varchar(64) NOT NULL COMMENT '岗位编码',
  `post_name` varchar(50) NOT NULL COMMENT '岗位名称',
  `post_sort` int NOT NULL COMMENT '显示顺序',
  `status` char(1) NOT NULL COMMENT '状态（0正常 1停用）',
  `create_by` varchar(64) DEFAULT '' COMMENT '创建者',
  `create_time` datetime DEFAULT NULL COMMENT '创建时间',
  `update_by` varchar(64) DEFAULT '' COMMENT '更新者',
  `update_time` datetime DEFAULT NULL COMMENT '更新时间',
  `remark` varchar(500) DEFAULT NULL COMMENT '备注',
  PRIMARY KEY (`post_id`)
) ENGINE=InnoDB AUTO_INCREMENT=5 DEFAULT CHARSET=utf8mb4 COLLATE=utf8mb4_0900_ai_ci COMMENT='岗位信息表';

/*Data for the table `sys_post` */

insert  into `sys_post`(`post_id`,`post_code`,`post_name`,`post_sort`,`status`,`create_by`,`create_time`,`update_by`,`update_time`,`remark`) values (1,'ceo','董事长',1,'0','admin','2024-10-22 10:40:27','',NULL,''),(2,'se','项目经理',2,'0','admin','2024-10-22 10:40:27','',NULL,''),(3,'hr','人力资源',3,'0','admin','2024-10-22 10:40:27','',NULL,''),(4,'user','普通员工',4,'0','admin','2024-10-22 10:40:27','',NULL,'');

/*Table structure for table `sys_role` */

DROP TABLE IF EXISTS `sys_role`;

CREATE TABLE `sys_role` (
  `role_id` bigint NOT NULL AUTO_INCREMENT COMMENT '角色ID',
  `role_name` varchar(30) NOT NULL COMMENT '角色名称',
  `role_key` varchar(100) NOT NULL COMMENT '角色权限字符串',
  `role_sort` int NOT NULL COMMENT '显示顺序',
  `data_scope` char(1) DEFAULT '1' COMMENT '数据范围（1：全部数据权限 2：自定数据权限 3：本部门数据权限 4：本部门及以下数据权限）',
  `menu_check_strictly` tinyint(1) DEFAULT '1' COMMENT '菜单树选择项是否关联显示',
  `dept_check_strictly` tinyint(1) DEFAULT '1' COMMENT '部门树选择项是否关联显示',
  `status` char(1) NOT NULL COMMENT '角色状态（0正常 1停用）',
  `del_flag` char(1) DEFAULT '0' COMMENT '删除标志（0代表存在 2代表删除）',
  `create_by` varchar(64) DEFAULT '' COMMENT '创建者',
  `create_time` datetime DEFAULT NULL COMMENT '创建时间',
  `update_by` varchar(64) DEFAULT '' COMMENT '更新者',
  `update_time` datetime DEFAULT NULL COMMENT '更新时间',
  `remark` varchar(500) DEFAULT NULL COMMENT '备注',
  PRIMARY KEY (`role_id`)
) ENGINE=InnoDB AUTO_INCREMENT=101 DEFAULT CHARSET=utf8mb4 COLLATE=utf8mb4_0900_ai_ci COMMENT='角色信息表';

/*Data for the table `sys_role` */

insert  into `sys_role`(`role_id`,`role_name`,`role_key`,`role_sort`,`data_scope`,`menu_check_strictly`,`dept_check_strictly`,`status`,`del_flag`,`create_by`,`create_time`,`update_by`,`update_time`,`remark`) values (1,'超级管理员','admin',1,'1',1,1,'0','0','admin','2024-10-22 10:40:27','',NULL,'超级管理员'),(2,'普通角色','common',2,'2',1,1,'0','0','admin','2024-10-22 10:40:27','',NULL,'普通角色'),(100,'销售人员','sale',3,'1',1,1,'0','0','admin','2025-02-17 10:27:32','admin','2025-02-17 10:31:35',NULL);

/*Table structure for table `sys_role_dept` */

DROP TABLE IF EXISTS `sys_role_dept`;

CREATE TABLE `sys_role_dept` (
  `role_id` bigint NOT NULL COMMENT '角色ID',
  `dept_id` bigint NOT NULL COMMENT '部门ID',
  PRIMARY KEY (`role_id`,`dept_id`)
) ENGINE=InnoDB DEFAULT CHARSET=utf8mb4 COLLATE=utf8mb4_0900_ai_ci COMMENT='角色和部门关联表';

/*Data for the table `sys_role_dept` */

insert  into `sys_role_dept`(`role_id`,`dept_id`) values (2,100),(2,101),(2,105);

/*Table structure for table `sys_role_menu` */

DROP TABLE IF EXISTS `sys_role_menu`;

CREATE TABLE `sys_role_menu` (
  `role_id` bigint NOT NULL COMMENT '角色ID',
  `menu_id` bigint NOT NULL COMMENT '菜单ID',
  PRIMARY KEY (`role_id`,`menu_id`)
) ENGINE=InnoDB DEFAULT CHARSET=utf8mb4 COLLATE=utf8mb4_0900_ai_ci COMMENT='角色和菜单关联表';

/*Data for the table `sys_role_menu` */

insert  into `sys_role_menu`(`role_id`,`menu_id`) values (2,1),(2,2),(2,3),(2,4),(2,100),(2,101),(2,102),(2,103),(2,104),(2,105),(2,106),(2,107),(2,108),(2,109),(2,110),(2,111),(2,112),(2,113),(2,114),(2,115),(2,116),(2,500),(2,501),(2,1000),(2,1001),(2,1002),(2,1003),(2,1004),(2,1005),(2,1006),(2,1007),(2,1008),(2,1009),(2,1010),(2,1011),(2,1012),(2,1013),(2,1014),(2,1015),(2,1016),(2,1017),(2,1018),(2,1019),(2,1020),(2,1021),(2,1022),(2,1023),(2,1024),(2,1025),(2,1026),(2,1027),(2,1028),(2,1029),(2,1030),(2,1031),(2,1032),(2,1033),(2,1034),(2,1035),(2,1036),(2,1037),(2,1038),(2,1039),(2,1040),(2,1041),(2,1042),(2,1043),(2,1044),(2,1045),(2,1046),(2,1047),(2,1048),(2,1049),(2,1050),(2,1051),(2,1052),(2,1053),(2,1054),(2,1055),(2,1056),(2,1057),(2,1058),(2,1059),(2,1060),(100,1),(100,100),(100,101),(100,102),(100,103),(100,104),(100,105),(100,106),(100,107),(100,108),(100,500),(100,501),(100,1000),(100,1001),(100,1002),(100,1003),(100,1004),(100,1005),(100,1006),(100,1007),(100,1008),(100,1009),(100,1010),(100,1011),(100,1012),(100,1013),(100,1014),(100,1015),(100,1016),(100,1017),(100,1018),(100,1019),(100,1020),(100,1021),(100,1022),(100,1023),(100,1024),(100,1025),(100,1026),(100,1027),(100,1028),(100,1029),(100,1030),(100,1031),(100,1032),(100,1033),(100,1034),(100,1035),(100,1036),(100,1037),(100,1038),(100,1039),(100,1040),(100,1041),(100,1042),(100,1043),(100,1044),(100,1045),(100,2006),(100,2007),(100,2018),(100,2019),(100,2020),(100,2021),(100,2022),(100,2023),(100,2031),(100,2033),(100,2034),(100,2035);

/*Table structure for table `sys_user` */

DROP TABLE IF EXISTS `sys_user`;

CREATE TABLE `sys_user` (
  `user_id` bigint NOT NULL AUTO_INCREMENT COMMENT '用户ID',
  `dept_id` bigint DEFAULT NULL COMMENT '部门ID',
  `user_name` varchar(30) NOT NULL COMMENT '用户账号',
  `nick_name` varchar(30) NOT NULL COMMENT '用户昵称',
  `user_type` varchar(2) DEFAULT '00' COMMENT '用户类型（00系统用户）',
  `email` varchar(50) DEFAULT '' COMMENT '用户邮箱',
  `phonenumber` varchar(11) DEFAULT '' COMMENT '手机号码',
  `sex` char(1) DEFAULT '0' COMMENT '用户性别（0男 1女 2未知）',
  `avatar` varchar(100) DEFAULT '' COMMENT '头像地址',
  `password` varchar(100) DEFAULT '' COMMENT '密码',
  `status` char(1) DEFAULT '0' COMMENT '帐号状态（0正常 1停用）',
  `del_flag` char(1) DEFAULT '0' COMMENT '删除标志（0代表存在 2代表删除）',
  `login_ip` varchar(128) DEFAULT '' COMMENT '最后登录IP',
  `login_date` datetime DEFAULT NULL COMMENT '最后登录时间',
  `create_by` varchar(64) DEFAULT '' COMMENT '创建者',
  `create_time` datetime DEFAULT NULL COMMENT '创建时间',
  `update_by` varchar(64) DEFAULT '' COMMENT '更新者',
  `update_time` datetime DEFAULT NULL COMMENT '更新时间',
  `remark` varchar(500) DEFAULT NULL COMMENT '备注',
  PRIMARY KEY (`user_id`)
) ENGINE=InnoDB AUTO_INCREMENT=101 DEFAULT CHARSET=utf8mb4 COLLATE=utf8mb4_0900_ai_ci COMMENT='用户信息表';

/*Data for the table `sys_user` */

insert  into `sys_user`(`user_id`,`dept_id`,`user_name`,`nick_name`,`user_type`,`email`,`phonenumber`,`sex`,`avatar`,`password`,`status`,`del_flag`,`login_ip`,`login_date`,`create_by`,`create_time`,`update_by`,`update_time`,`remark`) values (1,103,'admin','若依','00','ry@163.com','15888888888','1','','$2a$10$7JB720yubVSZvUI0rEqK/.VqGOZTH.ulu33dHOiBE8ByOhJIrdAu2','0','0','127.0.0.1','2024-10-22 10:40:27','admin','2024-10-22 10:40:27','',NULL,'管理员'),(2,105,'ry','若依','00','ry@qq.com','15666666666','1','','$2a$10$7JB720yubVSZvUI0rEqK/.VqGOZTH.ulu33dHOiBE8ByOhJIrdAu2','0','0','127.0.0.1','2024-10-22 10:40:27','admin','2024-10-22 10:40:27','',NULL,'测试员'),(100,100,'atguigu','atguigu','00','','','0','','$2a$10$qIQtM8LrxejFMPyqzvIQQOOu5l6KWpgeqiQ0kDt0HxLWkyNFJpK2i','0','0','',NULL,'admin','2025-02-17 10:28:31','',NULL,NULL);

/*Table structure for table `sys_user_post` */

DROP TABLE IF EXISTS `sys_user_post`;

CREATE TABLE `sys_user_post` (
  `user_id` bigint NOT NULL COMMENT '用户ID',
  `post_id` bigint NOT NULL COMMENT '岗位ID',
  PRIMARY KEY (`user_id`,`post_id`)
) ENGINE=InnoDB DEFAULT CHARSET=utf8mb4 COLLATE=utf8mb4_0900_ai_ci COMMENT='用户与岗位关联表';

/*Data for the table `sys_user_post` */

insert  into `sys_user_post`(`user_id`,`post_id`) values (1,1),(2,2),(100,1);

/*Table structure for table `sys_user_role` */

DROP TABLE IF EXISTS `sys_user_role`;

CREATE TABLE `sys_user_role` (
  `user_id` bigint NOT NULL COMMENT '用户ID',
  `role_id` bigint NOT NULL COMMENT '角色ID',
  PRIMARY KEY (`user_id`,`role_id`)
) ENGINE=InnoDB DEFAULT CHARSET=utf8mb4 COLLATE=utf8mb4_0900_ai_ci COMMENT='用户和角色关联表';

/*Data for the table `sys_user_role` */

insert  into `sys_user_role`(`user_id`,`role_id`) values (1,1),(2,2),(100,100);

/*!40101 SET SQL_MODE=@OLD_SQL_MODE */;
/*!40014 SET FOREIGN_KEY_CHECKS=@OLD_FOREIGN_KEY_CHECKS */;
/*!40014 SET UNIQUE_CHECKS=@OLD_UNIQUE_CHECKS */;
/*!40111 SET SQL_NOTES=@OLD_SQL_NOTES */;
